"LOCATION","INDICATOR","SUBJECT","MEASURE","FREQUENCY","TIME","Value","Flag Codes"
"GBR","CLI","AMPLITUD","LTRENDIDX","M","2005-02",100.2482,
"GBR","CLI","AMPLITUD","LTRENDIDX","M","2005-03",100.2449,
"GBR","CLI","AMPLITUD","LTRENDIDX","M","2005-04",100.2153,
"GBR","CLI","AMPLITUD","LTRENDIDX","M","2005-05",100.1706,
"GBR","CLI","AMPLITUD","LTRENDIDX","M","2005-06",100.1293,
"GBR","CLI","AMPLITUD","LTRENDIDX","M","2005-07",100.0971,
"GBR","CLI","AMPLITUD","LTRENDIDX","M","2005-08",100.0654,
"GBR","CLI","AMPLITUD","LTRENDIDX","M","2005-09",100.0354,
"GBR","CLI","AMPLITUD","LTRENDIDX","M","2005-10",100.023,
"GBR","CLI","AMPLITUD","LTRENDIDX","M","2005-11",100.0548,
"GBR","CLI","AMPLITUD","LTRENDIDX","M","2005-12",100.1273,
"GBR","CLI","AMPLITUD","LTRENDIDX","M","2006-01",100.2234,
"GBR","CLI","AMPLITUD","LTRENDIDX","M","2006-02",100.3756,
"GBR","CLI","AMPLITUD","LTRENDIDX","M","2006-03",100.5654,
"GBR","CLI","AMPLITUD","LTRENDIDX","M","2006-04",100.7708,
"GBR","CLI","AMPLITUD","LTRENDIDX","M","2006-05",100.9633,
"GBR","CLI","AMPLITUD","LTRENDIDX","M","2006-06",101.1445,
"GBR","CLI","AMPLITUD","LTRENDIDX","M","2006-07",101.3282,
"GBR","CLI","AMPLITUD","LTRENDIDX","M","2006-08",101.5303,
"GBR","CLI","AMPLITUD","LTRENDIDX","M","2006-09",101.7538,
"GBR","CLI","AMPLITUD","LTRENDIDX","M","2006-10",101.9804,
"GBR","CLI","AMPLITUD","LTRENDIDX","M","2006-11",102.202,
"GBR","CLI","AMPLITUD","LTRENDIDX","M","2006-12",102.418,
"GBR","CLI","AMPLITUD","LTRENDIDX","M","2007-01",102.6215,
"GBR","CLI","AMPLITUD","LTRENDIDX","M","2007-02",102.8286,
"GBR","CLI","AMPLITUD","LTRENDIDX","M","2007-03",103.0161,
"GBR","CLI","AMPLITUD","LTRENDIDX","M","2007-04",103.1459,
"GBR","CLI","AMPLITUD","LTRENDIDX","M","2007-05",103.1943,
"GBR","CLI","AMPLITUD","LTRENDIDX","M","2007-06",103.1417,
"GBR","CLI","AMPLITUD","LTRENDIDX","M","2007-07",102.997,
"GBR","CLI","AMPLITUD","LTRENDIDX","M","2007-08",102.7997,
"GBR","CLI","AMPLITUD","LTRENDIDX","M","2007-09",102.5722,
"GBR","CLI","AMPLITUD","LTRENDIDX","M","2007-10",102.2987,
"GBR","CLI","AMPLITUD","LTRENDIDX","M","2007-11",101.9622,
"GBR","CLI","AMPLITUD","LTRENDIDX","M","2007-12",101.5785,
"GBR","CLI","AMPLITUD","LTRENDIDX","M","2008-01",101.1403,
"GBR","CLI","AMPLITUD","LTRENDIDX","M","2008-02",100.6481,
"GBR","CLI","AMPLITUD","LTRENDIDX","M","2008-03",100.0929,
"GBR","CLI","AMPLITUD","LTRENDIDX","M","2008-04",99.41428,
"GBR","CLI","AMPLITUD","LTRENDIDX","M","2008-05",98.60677,
"GBR","CLI","AMPLITUD","LTRENDIDX","M","2008-06",97.699,
"GBR","CLI","AMPLITUD","LTRENDIDX","M","2008-07",96.75937,
"GBR","CLI","AMPLITUD","LTRENDIDX","M","2008-08",95.86549,
"GBR","CLI","AMPLITUD","LTRENDIDX","M","2008-09",95.04208,
"GBR","CLI","AMPLITUD","LTRENDIDX","M","2008-10",94.33157,
"GBR","CLI","AMPLITUD","LTRENDIDX","M","2008-11",93.80685,
"GBR","CLI","AMPLITUD","LTRENDIDX","M","2008-12",93.4921,
"GBR","CLI","AMPLITUD","LTRENDIDX","M","2009-01",93.38659,
"GBR","CLI","AMPLITUD","LTRENDIDX","M","2009-02",93.54255,
"GBR","CLI","AMPLITUD","LTRENDIDX","M","2009-03",93.97594,
"GBR","CLI","AMPLITUD","LTRENDIDX","M","2009-04",94.67297,
"GBR","CLI","AMPLITUD","LTRENDIDX","M","2009-05",95.57128,
"GBR","CLI","AMPLITUD","LTRENDIDX","M","2009-06",96.6235,
"GBR","CLI","AMPLITUD","LTRENDIDX","M","2009-07",97.76936,
"GBR","CLI","AMPLITUD","LTRENDIDX","M","2009-08",98.91091,
"GBR","CLI","AMPLITUD","LTRENDIDX","M","2009-09",99.95306,
"GBR","CLI","AMPLITUD","LTRENDIDX","M","2009-10",100.8046,
"GBR","CLI","AMPLITUD","LTRENDIDX","M","2009-11",101.4033,
"GBR","CLI","AMPLITUD","LTRENDIDX","M","2009-12",101.7673,
"GBR","CLI","AMPLITUD","LTRENDIDX","M","2010-01",101.9421,
"GBR","CLI","AMPLITUD","LTRENDIDX","M","2010-02",101.987,
"GBR","CLI","AMPLITUD","LTRENDIDX","M","2010-03",101.9317,
"GBR","CLI","AMPLITUD","LTRENDIDX","M","2010-04",101.7866,
"GBR","CLI","AMPLITUD","LTRENDIDX","M","2010-05",101.5709,
"GBR","CLI","AMPLITUD","LTRENDIDX","M","2010-06",101.3343,
"GBR","CLI","AMPLITUD","LTRENDIDX","M","2010-07",101.1209,
"GBR","CLI","AMPLITUD","LTRENDIDX","M","2010-08",100.9718,
"GBR","CLI","AMPLITUD","LTRENDIDX","M","2010-09",100.8925,
"GBR","CLI","AMPLITUD","LTRENDIDX","M","2010-10",100.8621,
"GBR","CLI","AMPLITUD","LTRENDIDX","M","2010-11",100.8569,
"GBR","CLI","AMPLITUD","LTRENDIDX","M","2010-12",100.8574,
"GBR","CLI","AMPLITUD","LTRENDIDX","M","2011-01",100.8431,
"GBR","CLI","AMPLITUD","LTRENDIDX","M","2011-02",100.8069,
"GBR","CLI","AMPLITUD","LTRENDIDX","M","2011-03",100.7159,
"GBR","CLI","AMPLITUD","LTRENDIDX","M","2011-04",100.5596,
"GBR","CLI","AMPLITUD","LTRENDIDX","M","2011-05",100.3207,
"GBR","CLI","AMPLITUD","LTRENDIDX","M","2011-06",99.97901,
"GBR","CLI","AMPLITUD","LTRENDIDX","M","2011-07",99.56763,
"GBR","CLI","AMPLITUD","LTRENDIDX","M","2011-08",99.13556,
"GBR","CLI","AMPLITUD","LTRENDIDX","M","2011-09",98.73283,
"GBR","CLI","AMPLITUD","LTRENDIDX","M","2011-10",98.38676,
"GBR","CLI","AMPLITUD","LTRENDIDX","M","2011-11",98.11602,
"GBR","CLI","AMPLITUD","LTRENDIDX","M","2011-12",97.93338,
"GBR","CLI","AMPLITUD","LTRENDIDX","M","2012-01",97.83944,
"GBR","CLI","AMPLITUD","LTRENDIDX","M","2012-02",97.81486,
"GBR","CLI","AMPLITUD","LTRENDIDX","M","2012-03",97.83388,
"GBR","CLI","AMPLITUD","LTRENDIDX","M","2012-04",97.88142,
"GBR","CLI","AMPLITUD","LTRENDIDX","M","2012-05",97.96719,
"GBR","CLI","AMPLITUD","LTRENDIDX","M","2012-06",98.11867,
"GBR","CLI","AMPLITUD","LTRENDIDX","M","2012-07",98.34145,
"GBR","CLI","AMPLITUD","LTRENDIDX","M","2012-08",98.60246,
"GBR","CLI","AMPLITUD","LTRENDIDX","M","2012-09",98.88141,
"GBR","CLI","AMPLITUD","LTRENDIDX","M","2012-10",99.14025,
"GBR","CLI","AMPLITUD","LTRENDIDX","M","2012-11",99.36512,
"GBR","CLI","AMPLITUD","LTRENDIDX","M","2012-12",99.56176,
"GBR","CLI","AMPLITUD","LTRENDIDX","M","2013-01",99.76425,
"GBR","CLI","AMPLITUD","LTRENDIDX","M","2013-02",99.98864,
"GBR","CLI","AMPLITUD","LTRENDIDX","M","2013-03",100.2414,
"GBR","CLI","AMPLITUD","LTRENDIDX","M","2013-04",100.5137,
"GBR","CLI","AMPLITUD","LTRENDIDX","M","2013-05",100.7993,
"GBR","CLI","AMPLITUD","LTRENDIDX","M","2013-06",101.0882,
"GBR","CLI","AMPLITUD","LTRENDIDX","M","2013-07",101.3778,
"GBR","CLI","AMPLITUD","LTRENDIDX","M","2013-08",101.6359,
"GBR","CLI","AMPLITUD","LTRENDIDX","M","2013-09",101.8476,
"GBR","CLI","AMPLITUD","LTRENDIDX","M","2013-10",102.003,
"GBR","CLI","AMPLITUD","LTRENDIDX","M","2013-11",102.1315,
"GBR","CLI","AMPLITUD","LTRENDIDX","M","2013-12",102.2499,
"GBR","CLI","AMPLITUD","LTRENDIDX","M","2014-01",102.3591,
"GBR","CLI","AMPLITUD","LTRENDIDX","M","2014-02",102.4548,
"GBR","CLI","AMPLITUD","LTRENDIDX","M","2014-03",102.5314,
"GBR","CLI","AMPLITUD","LTRENDIDX","M","2014-04",102.5626,
"GBR","CLI","AMPLITUD","LTRENDIDX","M","2014-05",102.5298,
"GBR","CLI","AMPLITUD","LTRENDIDX","M","2014-06",102.4333,
"GBR","CLI","AMPLITUD","LTRENDIDX","M","2014-07",102.2916,
"GBR","CLI","AMPLITUD","LTRENDIDX","M","2014-08",102.1284,
"GBR","CLI","AMPLITUD","LTRENDIDX","M","2014-09",101.9519,
"GBR","CLI","AMPLITUD","LTRENDIDX","M","2014-10",101.7814,
"GBR","CLI","AMPLITUD","LTRENDIDX","M","2014-11",101.6228,
"GBR","CLI","AMPLITUD","LTRENDIDX","M","2014-12",101.4902,
"GBR","CLI","AMPLITUD","LTRENDIDX","M","2015-01",101.3966,
"GBR","CLI","AMPLITUD","LTRENDIDX","M","2015-02",101.3466,
"GBR","CLI","AMPLITUD","LTRENDIDX","M","2015-03",101.3198,
"GBR","CLI","AMPLITUD","LTRENDIDX","M","2015-04",101.2904,
"GBR","CLI","AMPLITUD","LTRENDIDX","M","2015-05",101.2434,
"GBR","CLI","AMPLITUD","LTRENDIDX","M","2015-06",101.1728,
"GBR","CLI","AMPLITUD","LTRENDIDX","M","2015-07",101.0593,
"GBR","CLI","AMPLITUD","LTRENDIDX","M","2015-08",100.9089,
"GBR","CLI","AMPLITUD","LTRENDIDX","M","2015-09",100.7266,
"GBR","CLI","AMPLITUD","LTRENDIDX","M","2015-10",100.5354,
"GBR","CLI","AMPLITUD","LTRENDIDX","M","2015-11",100.3419,
"GBR","CLI","AMPLITUD","LTRENDIDX","M","2015-12",100.1488,
"GBR","CLI","AMPLITUD","LTRENDIDX","M","2016-01",99.94958,
"GBR","CLI","AMPLITUD","LTRENDIDX","M","2016-02",99.77499,
"GBR","CLI","AMPLITUD","LTRENDIDX","M","2016-03",99.65298,
"GBR","CLI","AMPLITUD","LTRENDIDX","M","2016-04",99.58074,
"GBR","CLI","AMPLITUD","LTRENDIDX","M","2016-05",99.56468,
"GBR","CLI","AMPLITUD","LTRENDIDX","M","2016-06",99.61061,
"GBR","CLI","AMPLITUD","LTRENDIDX","M","2016-07",99.72633,
"GBR","CLI","AMPLITUD","LTRENDIDX","M","2016-08",99.92519,
"GBR","CLI","AMPLITUD","LTRENDIDX","M","2016-09",100.1587,
"GBR","CLI","AMPLITUD","LTRENDIDX","M","2016-10",100.3686,
"GBR","CLI","AMPLITUD","LTRENDIDX","M","2016-11",100.5434,
"GBR","CLI","AMPLITUD","LTRENDIDX","M","2016-12",100.6888,
"GBR","CLI","AMPLITUD","LTRENDIDX","M","2017-01",100.7982,
"GBR","CLI","AMPLITUD","LTRENDIDX","M","2017-02",100.8881,
"GBR","CLI","AMPLITUD","LTRENDIDX","M","2017-03",100.957,
"GBR","CLI","AMPLITUD","LTRENDIDX","M","2017-04",101.005,
"GBR","CLI","AMPLITUD","LTRENDIDX","M","2017-05",101.0668,
"GBR","CLI","AMPLITUD","LTRENDIDX","M","2017-06",101.1256,
"GBR","CLI","AMPLITUD","LTRENDIDX","M","2017-07",101.1634,
"GBR","CLI","AMPLITUD","LTRENDIDX","M","2017-08",101.1541,
"GBR","CLI","AMPLITUD","LTRENDIDX","M","2017-09",101.0726,
"GBR","CLI","AMPLITUD","LTRENDIDX","M","2017-10",100.9198,
"GBR","CLI","AMPLITUD","LTRENDIDX","M","2017-11",100.7286,
"GBR","CLI","AMPLITUD","LTRENDIDX","M","2017-12",100.5401,
"GBR","CLI","AMPLITUD","LTRENDIDX","M","2018-01",100.3654,
"GBR","CLI","AMPLITUD","LTRENDIDX","M","2018-02",100.209,
"GBR","CLI","AMPLITUD","LTRENDIDX","M","2018-03",100.0691,
"GBR","CLI","AMPLITUD","LTRENDIDX","M","2018-04",99.94457,
"GBR","CLI","AMPLITUD","LTRENDIDX","M","2018-05",99.80901,
"GBR","CLI","AMPLITUD","LTRENDIDX","M","2018-06",99.61115,
"GBR","CLI","AMPLITUD","LTRENDIDX","M","2018-07",99.33531,
"GBR","CLI","AMPLITUD","LTRENDIDX","M","2018-08",98.9855,
"GBR","CLI","AMPLITUD","LTRENDIDX","M","2018-09",98.58643,
"GBR","CLI","AMPLITUD","LTRENDIDX","M","2018-10",98.18184,
"GBR","CLI","AMPLITUD","LTRENDIDX","M","2018-11",97.79237,
"GBR","CLI","AMPLITUD","LTRENDIDX","M","2018-12",97.45547,
"GBR","CLI","AMPLITUD","LTRENDIDX","M","2019-01",97.2106,
"GBR","CLI","AMPLITUD","LTRENDIDX","M","2019-02",97.07185,
"GBR","CLI","AMPLITUD","LTRENDIDX","M","2019-03",97.00613,
"GBR","CLI","AMPLITUD","LTRENDIDX","M","2019-04",96.98376,
"GBR","CLI","AMPLITUD","LTRENDIDX","M","2019-05",96.95175,
"GBR","CLI","AMPLITUD","LTRENDIDX","M","2019-06",96.87743,
"GBR","CLI","AMPLITUD","LTRENDIDX","M","2019-07",96.7598,
"GBR","CLI","AMPLITUD","LTRENDIDX","M","2019-08",96.60704,
"GBR","CLI","AMPLITUD","LTRENDIDX","M","2019-09",96.46811,
"GBR","CLI","AMPLITUD","LTRENDIDX","M","2019-10",96.39919,
"GBR","CLI","AMPLITUD","LTRENDIDX","M","2019-11",96.44409,
"GBR","CLI","AMPLITUD","LTRENDIDX","M","2019-12",96.63274,
"GBR","CLI","AMPLITUD","LTRENDIDX","M","2020-01",97.00135,
"GBR","CLI","AMPLITUD","LTRENDIDX","M","2020-02",97.57305,
"GBR","CLI","AMPLITUD","LTRENDIDX","M","2020-03",94.11139,
"GBR","CLI","AMPLITUD","LTRENDIDX","M","2020-04",86.83715,
"GBR","CLI","AMPLITUD","LTRENDIDX","M","2020-05",88.64888,
"GBR","CLI","AMPLITUD","LTRENDIDX","M","2020-06",94.28332,
"GBR","CLI","AMPLITUD","LTRENDIDX","M","2020-07",99.05471,
"GBR","CLI","AMPLITUD","LTRENDIDX","M","2020-08",99.24901,
"GBR","CLI","AMPLITUD","LTRENDIDX","M","2020-09",98.94071,
"GBR","CLI","AMPLITUD","LTRENDIDX","M","2020-10",98.59519,
"GBR","CLI","AMPLITUD","LTRENDIDX","M","2020-11",98.4546,
"GBR","CLI","AMPLITUD","LTRENDIDX","M","2020-12",98.71284,
"GBR","CLI","AMPLITUD","LTRENDIDX","M","2021-01",98.93525,
"GBR","CLI","AMPLITUD","LTRENDIDX","M","2021-02",99.21592,
"GBR","CLI","AMPLITUD","LTRENDIDX","M","2021-03",99.55896,
"GBR","CLI","AMPLITUD","LTRENDIDX","M","2021-04",99.91062,
"GBR","CLI","AMPLITUD","LTRENDIDX","M","2021-05",100.2671,
"GBR","CLI","AMPLITUD","LTRENDIDX","M","2021-06",100.4947,
"GBR","CLI","AMPLITUD","LTRENDIDX","M","2021-07",100.6182,
"GBR","CLI","AMPLITUD","LTRENDIDX","M","2021-08",100.6404,
"GBR","CLI","AMPLITUD","LTRENDIDX","M","2021-09",100.6338,
"ITA","CLI","AMPLITUD","LTRENDIDX","M","2005-02",99.84733,
"ITA","CLI","AMPLITUD","LTRENDIDX","M","2005-03",99.65719,
"ITA","CLI","AMPLITUD","LTRENDIDX","M","2005-04",99.44277,
"ITA","CLI","AMPLITUD","LTRENDIDX","M","2005-05",99.25113,
"ITA","CLI","AMPLITUD","LTRENDIDX","M","2005-06",99.13202,
"ITA","CLI","AMPLITUD","LTRENDIDX","M","2005-07",99.11218,
"ITA","CLI","AMPLITUD","LTRENDIDX","M","2005-08",99.17655,
"ITA","CLI","AMPLITUD","LTRENDIDX","M","2005-09",99.3031,
"ITA","CLI","AMPLITUD","LTRENDIDX","M","2005-10",99.46727,
"ITA","CLI","AMPLITUD","LTRENDIDX","M","2005-11",99.66839,
"ITA","CLI","AMPLITUD","LTRENDIDX","M","2005-12",99.90381,
"ITA","CLI","AMPLITUD","LTRENDIDX","M","2006-01",100.1583,
"ITA","CLI","AMPLITUD","LTRENDIDX","M","2006-02",100.4101,
"ITA","CLI","AMPLITUD","LTRENDIDX","M","2006-03",100.6649,
"ITA","CLI","AMPLITUD","LTRENDIDX","M","2006-04",100.9277,
"ITA","CLI","AMPLITUD","LTRENDIDX","M","2006-05",101.1698,
"ITA","CLI","AMPLITUD","LTRENDIDX","M","2006-06",101.3773,
"ITA","CLI","AMPLITUD","LTRENDIDX","M","2006-07",101.5674,
"ITA","CLI","AMPLITUD","LTRENDIDX","M","2006-08",101.7508,
"ITA","CLI","AMPLITUD","LTRENDIDX","M","2006-09",101.9169,
"ITA","CLI","AMPLITUD","LTRENDIDX","M","2006-10",102.071,
"ITA","CLI","AMPLITUD","LTRENDIDX","M","2006-11",102.2274,
"ITA","CLI","AMPLITUD","LTRENDIDX","M","2006-12",102.3885,
"ITA","CLI","AMPLITUD","LTRENDIDX","M","2007-01",102.5255,
"ITA","CLI","AMPLITUD","LTRENDIDX","M","2007-02",102.6615,
"ITA","CLI","AMPLITUD","LTRENDIDX","M","2007-03",102.7872,
"ITA","CLI","AMPLITUD","LTRENDIDX","M","2007-04",102.8718,
"ITA","CLI","AMPLITUD","LTRENDIDX","M","2007-05",102.9001,
"ITA","CLI","AMPLITUD","LTRENDIDX","M","2007-06",102.8631,
"ITA","CLI","AMPLITUD","LTRENDIDX","M","2007-07",102.7667,
"ITA","CLI","AMPLITUD","LTRENDIDX","M","2007-08",102.6396,
"ITA","CLI","AMPLITUD","LTRENDIDX","M","2007-09",102.5027,
"ITA","CLI","AMPLITUD","LTRENDIDX","M","2007-10",102.3582,
"ITA","CLI","AMPLITUD","LTRENDIDX","M","2007-11",102.1967,
"ITA","CLI","AMPLITUD","LTRENDIDX","M","2007-12",102.0405,
"ITA","CLI","AMPLITUD","LTRENDIDX","M","2008-01",101.9364,
"ITA","CLI","AMPLITUD","LTRENDIDX","M","2008-02",101.8527,
"ITA","CLI","AMPLITUD","LTRENDIDX","M","2008-03",101.7591,
"ITA","CLI","AMPLITUD","LTRENDIDX","M","2008-04",101.6252,
"ITA","CLI","AMPLITUD","LTRENDIDX","M","2008-05",101.3904,
"ITA","CLI","AMPLITUD","LTRENDIDX","M","2008-06",101.029,
"ITA","CLI","AMPLITUD","LTRENDIDX","M","2008-07",100.5312,
"ITA","CLI","AMPLITUD","LTRENDIDX","M","2008-08",99.89612,
"ITA","CLI","AMPLITUD","LTRENDIDX","M","2008-09",99.13988,
"ITA","CLI","AMPLITUD","LTRENDIDX","M","2008-10",98.29034,
"ITA","CLI","AMPLITUD","LTRENDIDX","M","2008-11",97.44389,
"ITA","CLI","AMPLITUD","LTRENDIDX","M","2008-12",96.73318,
"ITA","CLI","AMPLITUD","LTRENDIDX","M","2009-01",96.23231,
"ITA","CLI","AMPLITUD","LTRENDIDX","M","2009-02",95.94713,
"ITA","CLI","AMPLITUD","LTRENDIDX","M","2009-03",95.89525,
"ITA","CLI","AMPLITUD","LTRENDIDX","M","2009-04",96.0827,
"ITA","CLI","AMPLITUD","LTRENDIDX","M","2009-05",96.47495,
"ITA","CLI","AMPLITUD","LTRENDIDX","M","2009-06",97.01194,
"ITA","CLI","AMPLITUD","LTRENDIDX","M","2009-07",97.60145,
"ITA","CLI","AMPLITUD","LTRENDIDX","M","2009-08",98.18856,
"ITA","CLI","AMPLITUD","LTRENDIDX","M","2009-09",98.77166,
"ITA","CLI","AMPLITUD","LTRENDIDX","M","2009-10",99.31269,
"ITA","CLI","AMPLITUD","LTRENDIDX","M","2009-11",99.77894,
"ITA","CLI","AMPLITUD","LTRENDIDX","M","2009-12",100.1431,
"ITA","CLI","AMPLITUD","LTRENDIDX","M","2010-01",100.4017,
"ITA","CLI","AMPLITUD","LTRENDIDX","M","2010-02",100.5695,
"ITA","CLI","AMPLITUD","LTRENDIDX","M","2010-03",100.6744,
"ITA","CLI","AMPLITUD","LTRENDIDX","M","2010-04",100.7587,
"ITA","CLI","AMPLITUD","LTRENDIDX","M","2010-05",100.8469,
"ITA","CLI","AMPLITUD","LTRENDIDX","M","2010-06",100.9732,
"ITA","CLI","AMPLITUD","LTRENDIDX","M","2010-07",101.1534,
"ITA","CLI","AMPLITUD","LTRENDIDX","M","2010-08",101.3978,
"ITA","CLI","AMPLITUD","LTRENDIDX","M","2010-09",101.6897,
"ITA","CLI","AMPLITUD","LTRENDIDX","M","2010-10",101.9962,
"ITA","CLI","AMPLITUD","LTRENDIDX","M","2010-11",102.2838,
"ITA","CLI","AMPLITUD","LTRENDIDX","M","2010-12",102.5264,
"ITA","CLI","AMPLITUD","LTRENDIDX","M","2011-01",102.6833,
"ITA","CLI","AMPLITUD","LTRENDIDX","M","2011-02",102.7457,
"ITA","CLI","AMPLITUD","LTRENDIDX","M","2011-03",102.71,
"ITA","CLI","AMPLITUD","LTRENDIDX","M","2011-04",102.5745,
"ITA","CLI","AMPLITUD","LTRENDIDX","M","2011-05",102.3606,
"ITA","CLI","AMPLITUD","LTRENDIDX","M","2011-06",102.0747,
"ITA","CLI","AMPLITUD","LTRENDIDX","M","2011-07",101.7133,
"ITA","CLI","AMPLITUD","LTRENDIDX","M","2011-08",101.2834,
"ITA","CLI","AMPLITUD","LTRENDIDX","M","2011-09",100.8149,
"ITA","CLI","AMPLITUD","LTRENDIDX","M","2011-10",100.3709,
"ITA","CLI","AMPLITUD","LTRENDIDX","M","2011-11",99.97737,
"ITA","CLI","AMPLITUD","LTRENDIDX","M","2011-12",99.60453,
"ITA","CLI","AMPLITUD","LTRENDIDX","M","2012-01",99.24064,
"ITA","CLI","AMPLITUD","LTRENDIDX","M","2012-02",98.8998,
"ITA","CLI","AMPLITUD","LTRENDIDX","M","2012-03",98.56129,
"ITA","CLI","AMPLITUD","LTRENDIDX","M","2012-04",98.21066,
"ITA","CLI","AMPLITUD","LTRENDIDX","M","2012-05",97.89271,
"ITA","CLI","AMPLITUD","LTRENDIDX","M","2012-06",97.63622,
"ITA","CLI","AMPLITUD","LTRENDIDX","M","2012-07",97.44606,
"ITA","CLI","AMPLITUD","LTRENDIDX","M","2012-08",97.30968,
"ITA","CLI","AMPLITUD","LTRENDIDX","M","2012-09",97.21989,
"ITA","CLI","AMPLITUD","LTRENDIDX","M","2012-10",97.19041,
"ITA","CLI","AMPLITUD","LTRENDIDX","M","2012-11",97.21661,
"ITA","CLI","AMPLITUD","LTRENDIDX","M","2012-12",97.29391,
"ITA","CLI","AMPLITUD","LTRENDIDX","M","2013-01",97.40882,
"ITA","CLI","AMPLITUD","LTRENDIDX","M","2013-02",97.54623,
"ITA","CLI","AMPLITUD","LTRENDIDX","M","2013-03",97.70415,
"ITA","CLI","AMPLITUD","LTRENDIDX","M","2013-04",97.88929,
"ITA","CLI","AMPLITUD","LTRENDIDX","M","2013-05",98.11303,
"ITA","CLI","AMPLITUD","LTRENDIDX","M","2013-06",98.36547,
"ITA","CLI","AMPLITUD","LTRENDIDX","M","2013-07",98.62602,
"ITA","CLI","AMPLITUD","LTRENDIDX","M","2013-08",98.88821,
"ITA","CLI","AMPLITUD","LTRENDIDX","M","2013-09",99.14947,
"ITA","CLI","AMPLITUD","LTRENDIDX","M","2013-10",99.38264,
"ITA","CLI","AMPLITUD","LTRENDIDX","M","2013-11",99.5974,
"ITA","CLI","AMPLITUD","LTRENDIDX","M","2013-12",99.78546,
"ITA","CLI","AMPLITUD","LTRENDIDX","M","2014-01",99.96343,
"ITA","CLI","AMPLITUD","LTRENDIDX","M","2014-02",100.1287,
"ITA","CLI","AMPLITUD","LTRENDIDX","M","2014-03",100.2765,
"ITA","CLI","AMPLITUD","LTRENDIDX","M","2014-04",100.3715,
"ITA","CLI","AMPLITUD","LTRENDIDX","M","2014-05",100.3765,
"ITA","CLI","AMPLITUD","LTRENDIDX","M","2014-06",100.2862,
"ITA","CLI","AMPLITUD","LTRENDIDX","M","2014-07",100.132,
"ITA","CLI","AMPLITUD","LTRENDIDX","M","2014-08",99.95613,
"ITA","CLI","AMPLITUD","LTRENDIDX","M","2014-09",99.81927,
"ITA","CLI","AMPLITUD","LTRENDIDX","M","2014-10",99.73457,
"ITA","CLI","AMPLITUD","LTRENDIDX","M","2014-11",99.71746,
"ITA","CLI","AMPLITUD","LTRENDIDX","M","2014-12",99.77827,
"ITA","CLI","AMPLITUD","LTRENDIDX","M","2015-01",99.90308,
"ITA","CLI","AMPLITUD","LTRENDIDX","M","2015-02",100.0616,
"ITA","CLI","AMPLITUD","LTRENDIDX","M","2015-03",100.2141,
"ITA","CLI","AMPLITUD","LTRENDIDX","M","2015-04",100.3375,
"ITA","CLI","AMPLITUD","LTRENDIDX","M","2015-05",100.4196,
"ITA","CLI","AMPLITUD","LTRENDIDX","M","2015-06",100.484,
"ITA","CLI","AMPLITUD","LTRENDIDX","M","2015-07",100.5526,
"ITA","CLI","AMPLITUD","LTRENDIDX","M","2015-08",100.6511,
"ITA","CLI","AMPLITUD","LTRENDIDX","M","2015-09",100.8038,
"ITA","CLI","AMPLITUD","LTRENDIDX","M","2015-10",100.9588,
"ITA","CLI","AMPLITUD","LTRENDIDX","M","2015-11",101.0583,
"ITA","CLI","AMPLITUD","LTRENDIDX","M","2015-12",101.0881,
"ITA","CLI","AMPLITUD","LTRENDIDX","M","2016-01",101.0716,
"ITA","CLI","AMPLITUD","LTRENDIDX","M","2016-02",101.0185,
"ITA","CLI","AMPLITUD","LTRENDIDX","M","2016-03",100.9456,
"ITA","CLI","AMPLITUD","LTRENDIDX","M","2016-04",100.8618,
"ITA","CLI","AMPLITUD","LTRENDIDX","M","2016-05",100.755,
"ITA","CLI","AMPLITUD","LTRENDIDX","M","2016-06",100.6458,
"ITA","CLI","AMPLITUD","LTRENDIDX","M","2016-07",100.5196,
"ITA","CLI","AMPLITUD","LTRENDIDX","M","2016-08",100.4031,
"ITA","CLI","AMPLITUD","LTRENDIDX","M","2016-09",100.3191,
"ITA","CLI","AMPLITUD","LTRENDIDX","M","2016-10",100.2953,
"ITA","CLI","AMPLITUD","LTRENDIDX","M","2016-11",100.3217,
"ITA","CLI","AMPLITUD","LTRENDIDX","M","2016-12",100.3778,
"ITA","CLI","AMPLITUD","LTRENDIDX","M","2017-01",100.4375,
"ITA","CLI","AMPLITUD","LTRENDIDX","M","2017-02",100.4888,
"ITA","CLI","AMPLITUD","LTRENDIDX","M","2017-03",100.5368,
"ITA","CLI","AMPLITUD","LTRENDIDX","M","2017-04",100.6012,
"ITA","CLI","AMPLITUD","LTRENDIDX","M","2017-05",100.7078,
"ITA","CLI","AMPLITUD","LTRENDIDX","M","2017-06",100.8641,
"ITA","CLI","AMPLITUD","LTRENDIDX","M","2017-07",101.0799,
"ITA","CLI","AMPLITUD","LTRENDIDX","M","2017-08",101.338,
"ITA","CLI","AMPLITUD","LTRENDIDX","M","2017-09",101.5917,
"ITA","CLI","AMPLITUD","LTRENDIDX","M","2017-10",101.8176,
"ITA","CLI","AMPLITUD","LTRENDIDX","M","2017-11",101.9898,
"ITA","CLI","AMPLITUD","LTRENDIDX","M","2017-12",102.0816,
"ITA","CLI","AMPLITUD","LTRENDIDX","M","2018-01",102.0689,
"ITA","CLI","AMPLITUD","LTRENDIDX","M","2018-02",101.9796,
"ITA","CLI","AMPLITUD","LTRENDIDX","M","2018-03",101.8417,
"ITA","CLI","AMPLITUD","LTRENDIDX","M","2018-04",101.6736,
"ITA","CLI","AMPLITUD","LTRENDIDX","M","2018-05",101.4902,
"ITA","CLI","AMPLITUD","LTRENDIDX","M","2018-06",101.3017,
"ITA","CLI","AMPLITUD","LTRENDIDX","M","2018-07",101.1006,
"ITA","CLI","AMPLITUD","LTRENDIDX","M","2018-08",100.8979,
"ITA","CLI","AMPLITUD","LTRENDIDX","M","2018-09",100.7023,
"ITA","CLI","AMPLITUD","LTRENDIDX","M","2018-10",100.5202,
"ITA","CLI","AMPLITUD","LTRENDIDX","M","2018-11",100.3494,
"ITA","CLI","AMPLITUD","LTRENDIDX","M","2018-12",100.1823,
"ITA","CLI","AMPLITUD","LTRENDIDX","M","2019-01",100.0025,
"ITA","CLI","AMPLITUD","LTRENDIDX","M","2019-02",99.83235,
"ITA","CLI","AMPLITUD","LTRENDIDX","M","2019-03",99.6945,
"ITA","CLI","AMPLITUD","LTRENDIDX","M","2019-04",99.59245,
"ITA","CLI","AMPLITUD","LTRENDIDX","M","2019-05",99.5071,
"ITA","CLI","AMPLITUD","LTRENDIDX","M","2019-06",99.41029,
"ITA","CLI","AMPLITUD","LTRENDIDX","M","2019-07",99.3055,
"ITA","CLI","AMPLITUD","LTRENDIDX","M","2019-08",99.20364,
"ITA","CLI","AMPLITUD","LTRENDIDX","M","2019-09",99.12677,
"ITA","CLI","AMPLITUD","LTRENDIDX","M","2019-10",99.07442,
"ITA","CLI","AMPLITUD","LTRENDIDX","M","2019-11",99.03999,
"ITA","CLI","AMPLITUD","LTRENDIDX","M","2019-12",99.01157,
"ITA","CLI","AMPLITUD","LTRENDIDX","M","2020-01",98.96616,
"ITA","CLI","AMPLITUD","LTRENDIDX","M","2020-02",98.88557,
"ITA","CLI","AMPLITUD","LTRENDIDX","M","2020-03",94.4925,
"ITA","CLI","AMPLITUD","LTRENDIDX","M","2020-04",89.66627,
"ITA","CLI","AMPLITUD","LTRENDIDX","M","2020-05",92.78857,
"ITA","CLI","AMPLITUD","LTRENDIDX","M","2020-06",96.05106,
"ITA","CLI","AMPLITUD","LTRENDIDX","M","2020-07",97.15936,
"ITA","CLI","AMPLITUD","LTRENDIDX","M","2020-08",97.97604,
"ITA","CLI","AMPLITUD","LTRENDIDX","M","2020-09",98.45115,
"ITA","CLI","AMPLITUD","LTRENDIDX","M","2020-10",98.75459,
"ITA","CLI","AMPLITUD","LTRENDIDX","M","2020-11",98.87546,
"ITA","CLI","AMPLITUD","LTRENDIDX","M","2020-12",99.07632,
"ITA","CLI","AMPLITUD","LTRENDIDX","M","2021-01",99.36815,
"ITA","CLI","AMPLITUD","LTRENDIDX","M","2021-02",99.7569,
"ITA","CLI","AMPLITUD","LTRENDIDX","M","2021-03",100.32,
"ITA","CLI","AMPLITUD","LTRENDIDX","M","2021-04",100.8765,
"ITA","CLI","AMPLITUD","LTRENDIDX","M","2021-05",101.3683,
"ITA","CLI","AMPLITUD","LTRENDIDX","M","2021-06",101.7473,
"ITA","CLI","AMPLITUD","LTRENDIDX","M","2021-07",101.9897,
"ITA","CLI","AMPLITUD","LTRENDIDX","M","2021-08",102.1275,
"ITA","CLI","AMPLITUD","LTRENDIDX","M","2021-09",102.2128,
"JPN","CLI","AMPLITUD","LTRENDIDX","M","2005-02",100.5952,
"JPN","CLI","AMPLITUD","LTRENDIDX","M","2005-03",100.5601,
"JPN","CLI","AMPLITUD","LTRENDIDX","M","2005-04",100.548,
"JPN","CLI","AMPLITUD","LTRENDIDX","M","2005-05",100.5666,
"JPN","CLI","AMPLITUD","LTRENDIDX","M","2005-06",100.6244,
"JPN","CLI","AMPLITUD","LTRENDIDX","M","2005-07",100.717,
"JPN","CLI","AMPLITUD","LTRENDIDX","M","2005-08",100.8318,
"JPN","CLI","AMPLITUD","LTRENDIDX","M","2005-09",100.9662,
"JPN","CLI","AMPLITUD","LTRENDIDX","M","2005-10",101.1139,
"JPN","CLI","AMPLITUD","LTRENDIDX","M","2005-11",101.2522,
"JPN","CLI","AMPLITUD","LTRENDIDX","M","2005-12",101.3759,
"JPN","CLI","AMPLITUD","LTRENDIDX","M","2006-01",101.4841,
"JPN","CLI","AMPLITUD","LTRENDIDX","M","2006-02",101.5712,
"JPN","CLI","AMPLITUD","LTRENDIDX","M","2006-03",101.629,
"JPN","CLI","AMPLITUD","LTRENDIDX","M","2006-04",101.6528,
"JPN","CLI","AMPLITUD","LTRENDIDX","M","2006-05",101.6214,
"JPN","CLI","AMPLITUD","LTRENDIDX","M","2006-06",101.5672,
"JPN","CLI","AMPLITUD","LTRENDIDX","M","2006-07",101.5171,
"JPN","CLI","AMPLITUD","LTRENDIDX","M","2006-08",101.4881,
"JPN","CLI","AMPLITUD","LTRENDIDX","M","2006-09",101.4828,
"JPN","CLI","AMPLITUD","LTRENDIDX","M","2006-10",101.4952,
"JPN","CLI","AMPLITUD","LTRENDIDX","M","2006-11",101.5156,
"JPN","CLI","AMPLITUD","LTRENDIDX","M","2006-12",101.5394,
"JPN","CLI","AMPLITUD","LTRENDIDX","M","2007-01",101.5528,
"JPN","CLI","AMPLITUD","LTRENDIDX","M","2007-02",101.5491,
"JPN","CLI","AMPLITUD","LTRENDIDX","M","2007-03",101.4962,
"JPN","CLI","AMPLITUD","LTRENDIDX","M","2007-04",101.3853,
"JPN","CLI","AMPLITUD","LTRENDIDX","M","2007-05",101.2143,
"JPN","CLI","AMPLITUD","LTRENDIDX","M","2007-06",100.999,
"JPN","CLI","AMPLITUD","LTRENDIDX","M","2007-07",100.7742,
"JPN","CLI","AMPLITUD","LTRENDIDX","M","2007-08",100.5837,
"JPN","CLI","AMPLITUD","LTRENDIDX","M","2007-09",100.4659,
"JPN","CLI","AMPLITUD","LTRENDIDX","M","2007-10",100.4333,
"JPN","CLI","AMPLITUD","LTRENDIDX","M","2007-11",100.4694,
"JPN","CLI","AMPLITUD","LTRENDIDX","M","2007-12",100.5459,
"JPN","CLI","AMPLITUD","LTRENDIDX","M","2008-01",100.6305,
"JPN","CLI","AMPLITUD","LTRENDIDX","M","2008-02",100.7098,
"JPN","CLI","AMPLITUD","LTRENDIDX","M","2008-03",100.7617,
"JPN","CLI","AMPLITUD","LTRENDIDX","M","2008-04",100.7702,
"JPN","CLI","AMPLITUD","LTRENDIDX","M","2008-05",100.6929,
"JPN","CLI","AMPLITUD","LTRENDIDX","M","2008-06",100.4995,
"JPN","CLI","AMPLITUD","LTRENDIDX","M","2008-07",100.1748,
"JPN","CLI","AMPLITUD","LTRENDIDX","M","2008-08",99.72511,
"JPN","CLI","AMPLITUD","LTRENDIDX","M","2008-09",99.16397,
"JPN","CLI","AMPLITUD","LTRENDIDX","M","2008-10",98.52382,
"JPN","CLI","AMPLITUD","LTRENDIDX","M","2008-11",97.85431,
"JPN","CLI","AMPLITUD","LTRENDIDX","M","2008-12",97.22817,
"JPN","CLI","AMPLITUD","LTRENDIDX","M","2009-01",96.72207,
"JPN","CLI","AMPLITUD","LTRENDIDX","M","2009-02",96.40839,
"JPN","CLI","AMPLITUD","LTRENDIDX","M","2009-03",96.31982,
"JPN","CLI","AMPLITUD","LTRENDIDX","M","2009-04",96.43723,
"JPN","CLI","AMPLITUD","LTRENDIDX","M","2009-05",96.70654,
"JPN","CLI","AMPLITUD","LTRENDIDX","M","2009-06",97.06832,
"JPN","CLI","AMPLITUD","LTRENDIDX","M","2009-07",97.4658,
"JPN","CLI","AMPLITUD","LTRENDIDX","M","2009-08",97.85826,
"JPN","CLI","AMPLITUD","LTRENDIDX","M","2009-09",98.2384,
"JPN","CLI","AMPLITUD","LTRENDIDX","M","2009-10",98.58998,
"JPN","CLI","AMPLITUD","LTRENDIDX","M","2009-11",98.9135,
"JPN","CLI","AMPLITUD","LTRENDIDX","M","2009-12",99.20576,
"JPN","CLI","AMPLITUD","LTRENDIDX","M","2010-01",99.4564,
"JPN","CLI","AMPLITUD","LTRENDIDX","M","2010-02",99.65572,
"JPN","CLI","AMPLITUD","LTRENDIDX","M","2010-03",99.80801,
"JPN","CLI","AMPLITUD","LTRENDIDX","M","2010-04",99.90993,
"JPN","CLI","AMPLITUD","LTRENDIDX","M","2010-05",99.96189,
"JPN","CLI","AMPLITUD","LTRENDIDX","M","2010-06",99.98506,
"JPN","CLI","AMPLITUD","LTRENDIDX","M","2010-07",99.99089,
"JPN","CLI","AMPLITUD","LTRENDIDX","M","2010-08",99.99349,
"JPN","CLI","AMPLITUD","LTRENDIDX","M","2010-09",99.99792,
"JPN","CLI","AMPLITUD","LTRENDIDX","M","2010-10",100.0234,
"JPN","CLI","AMPLITUD","LTRENDIDX","M","2010-11",100.0819,
"JPN","CLI","AMPLITUD","LTRENDIDX","M","2010-12",100.1518,
"JPN","CLI","AMPLITUD","LTRENDIDX","M","2011-01",100.2042,
"JPN","CLI","AMPLITUD","LTRENDIDX","M","2011-02",100.2113,
"JPN","CLI","AMPLITUD","LTRENDIDX","M","2011-03",100.1794,
"JPN","CLI","AMPLITUD","LTRENDIDX","M","2011-04",100.1244,
"JPN","CLI","AMPLITUD","LTRENDIDX","M","2011-05",100.0603,
"JPN","CLI","AMPLITUD","LTRENDIDX","M","2011-06",100.0116,
"JPN","CLI","AMPLITUD","LTRENDIDX","M","2011-07",99.9712,
"JPN","CLI","AMPLITUD","LTRENDIDX","M","2011-08",99.91993,
"JPN","CLI","AMPLITUD","LTRENDIDX","M","2011-09",99.87152,
"JPN","CLI","AMPLITUD","LTRENDIDX","M","2011-10",99.85735,
"JPN","CLI","AMPLITUD","LTRENDIDX","M","2011-11",99.86458,
"JPN","CLI","AMPLITUD","LTRENDIDX","M","2011-12",99.88188,
"JPN","CLI","AMPLITUD","LTRENDIDX","M","2012-01",99.89964,
"JPN","CLI","AMPLITUD","LTRENDIDX","M","2012-02",99.89748,
"JPN","CLI","AMPLITUD","LTRENDIDX","M","2012-03",99.87003,
"JPN","CLI","AMPLITUD","LTRENDIDX","M","2012-04",99.81101,
"JPN","CLI","AMPLITUD","LTRENDIDX","M","2012-05",99.72642,
"JPN","CLI","AMPLITUD","LTRENDIDX","M","2012-06",99.62727,
"JPN","CLI","AMPLITUD","LTRENDIDX","M","2012-07",99.52655,
"JPN","CLI","AMPLITUD","LTRENDIDX","M","2012-08",99.43427,
"JPN","CLI","AMPLITUD","LTRENDIDX","M","2012-09",99.36222,
"JPN","CLI","AMPLITUD","LTRENDIDX","M","2012-10",99.3285,
"JPN","CLI","AMPLITUD","LTRENDIDX","M","2012-11",99.34753,
"JPN","CLI","AMPLITUD","LTRENDIDX","M","2012-12",99.43753,
"JPN","CLI","AMPLITUD","LTRENDIDX","M","2013-01",99.58968,
"JPN","CLI","AMPLITUD","LTRENDIDX","M","2013-02",99.80592,
"JPN","CLI","AMPLITUD","LTRENDIDX","M","2013-03",100.0562,
"JPN","CLI","AMPLITUD","LTRENDIDX","M","2013-04",100.3134,
"JPN","CLI","AMPLITUD","LTRENDIDX","M","2013-05",100.5533,
"JPN","CLI","AMPLITUD","LTRENDIDX","M","2013-06",100.7633,
"JPN","CLI","AMPLITUD","LTRENDIDX","M","2013-07",100.9511,
"JPN","CLI","AMPLITUD","LTRENDIDX","M","2013-08",101.121,
"JPN","CLI","AMPLITUD","LTRENDIDX","M","2013-09",101.2751,
"JPN","CLI","AMPLITUD","LTRENDIDX","M","2013-10",101.3952,
"JPN","CLI","AMPLITUD","LTRENDIDX","M","2013-11",101.4658,
"JPN","CLI","AMPLITUD","LTRENDIDX","M","2013-12",101.4651,
"JPN","CLI","AMPLITUD","LTRENDIDX","M","2014-01",101.3823,
"JPN","CLI","AMPLITUD","LTRENDIDX","M","2014-02",101.2263,
"JPN","CLI","AMPLITUD","LTRENDIDX","M","2014-03",101.0203,
"JPN","CLI","AMPLITUD","LTRENDIDX","M","2014-04",100.762,
"JPN","CLI","AMPLITUD","LTRENDIDX","M","2014-05",100.5116,
"JPN","CLI","AMPLITUD","LTRENDIDX","M","2014-06",100.31,
"JPN","CLI","AMPLITUD","LTRENDIDX","M","2014-07",100.162,
"JPN","CLI","AMPLITUD","LTRENDIDX","M","2014-08",100.0675,
"JPN","CLI","AMPLITUD","LTRENDIDX","M","2014-09",100.0173,
"JPN","CLI","AMPLITUD","LTRENDIDX","M","2014-10",100.0009,
"JPN","CLI","AMPLITUD","LTRENDIDX","M","2014-11",100.0177,
"JPN","CLI","AMPLITUD","LTRENDIDX","M","2014-12",100.0529,
"JPN","CLI","AMPLITUD","LTRENDIDX","M","2015-01",100.11,
"JPN","CLI","AMPLITUD","LTRENDIDX","M","2015-02",100.1874,
"JPN","CLI","AMPLITUD","LTRENDIDX","M","2015-03",100.2681,
"JPN","CLI","AMPLITUD","LTRENDIDX","M","2015-04",100.3515,
"JPN","CLI","AMPLITUD","LTRENDIDX","M","2015-05",100.4154,
"JPN","CLI","AMPLITUD","LTRENDIDX","M","2015-06",100.4404,
"JPN","CLI","AMPLITUD","LTRENDIDX","M","2015-07",100.4106,
"JPN","CLI","AMPLITUD","LTRENDIDX","M","2015-08",100.3386,
"JPN","CLI","AMPLITUD","LTRENDIDX","M","2015-09",100.2318,
"JPN","CLI","AMPLITUD","LTRENDIDX","M","2015-10",100.1068,
"JPN","CLI","AMPLITUD","LTRENDIDX","M","2015-11",99.97799,
"JPN","CLI","AMPLITUD","LTRENDIDX","M","2015-12",99.86034,
"JPN","CLI","AMPLITUD","LTRENDIDX","M","2016-01",99.77138,
"JPN","CLI","AMPLITUD","LTRENDIDX","M","2016-02",99.71,
"JPN","CLI","AMPLITUD","LTRENDIDX","M","2016-03",99.66553,
"JPN","CLI","AMPLITUD","LTRENDIDX","M","2016-04",99.63631,
"JPN","CLI","AMPLITUD","LTRENDIDX","M","2016-05",99.61806,
"JPN","CLI","AMPLITUD","LTRENDIDX","M","2016-06",99.62167,
"JPN","CLI","AMPLITUD","LTRENDIDX","M","2016-07",99.65069,
"JPN","CLI","AMPLITUD","LTRENDIDX","M","2016-08",99.69936,
"JPN","CLI","AMPLITUD","LTRENDIDX","M","2016-09",99.77486,
"JPN","CLI","AMPLITUD","LTRENDIDX","M","2016-10",99.87454,
"JPN","CLI","AMPLITUD","LTRENDIDX","M","2016-11",99.97913,
"JPN","CLI","AMPLITUD","LTRENDIDX","M","2016-12",100.0816,
"JPN","CLI","AMPLITUD","LTRENDIDX","M","2017-01",100.1707,
"JPN","CLI","AMPLITUD","LTRENDIDX","M","2017-02",100.2499,
"JPN","CLI","AMPLITUD","LTRENDIDX","M","2017-03",100.3434,
"JPN","CLI","AMPLITUD","LTRENDIDX","M","2017-04",100.4338,
"JPN","CLI","AMPLITUD","LTRENDIDX","M","2017-05",100.5044,
"JPN","CLI","AMPLITUD","LTRENDIDX","M","2017-06",100.5541,
"JPN","CLI","AMPLITUD","LTRENDIDX","M","2017-07",100.5797,
"JPN","CLI","AMPLITUD","LTRENDIDX","M","2017-08",100.5855,
"JPN","CLI","AMPLITUD","LTRENDIDX","M","2017-09",100.5861,
"JPN","CLI","AMPLITUD","LTRENDIDX","M","2017-10",100.5879,
"JPN","CLI","AMPLITUD","LTRENDIDX","M","2017-11",100.5952,
"JPN","CLI","AMPLITUD","LTRENDIDX","M","2017-12",100.599,
"JPN","CLI","AMPLITUD","LTRENDIDX","M","2018-01",100.6019,
"JPN","CLI","AMPLITUD","LTRENDIDX","M","2018-02",100.6223,
"JPN","CLI","AMPLITUD","LTRENDIDX","M","2018-03",100.6399,
"JPN","CLI","AMPLITUD","LTRENDIDX","M","2018-04",100.6636,
"JPN","CLI","AMPLITUD","LTRENDIDX","M","2018-05",100.6789,
"JPN","CLI","AMPLITUD","LTRENDIDX","M","2018-06",100.6729,
"JPN","CLI","AMPLITUD","LTRENDIDX","M","2018-07",100.6517,
"JPN","CLI","AMPLITUD","LTRENDIDX","M","2018-08",100.6225,
"JPN","CLI","AMPLITUD","LTRENDIDX","M","2018-09",100.5905,
"JPN","CLI","AMPLITUD","LTRENDIDX","M","2018-10",100.5439,
"JPN","CLI","AMPLITUD","LTRENDIDX","M","2018-11",100.4784,
"JPN","CLI","AMPLITUD","LTRENDIDX","M","2018-12",100.3996,
"JPN","CLI","AMPLITUD","LTRENDIDX","M","2019-01",100.3268,
"JPN","CLI","AMPLITUD","LTRENDIDX","M","2019-02",100.2708,
"JPN","CLI","AMPLITUD","LTRENDIDX","M","2019-03",100.2301,
"JPN","CLI","AMPLITUD","LTRENDIDX","M","2019-04",100.1867,
"JPN","CLI","AMPLITUD","LTRENDIDX","M","2019-05",100.1262,
"JPN","CLI","AMPLITUD","LTRENDIDX","M","2019-06",100.0404,
"JPN","CLI","AMPLITUD","LTRENDIDX","M","2019-07",99.93822,
"JPN","CLI","AMPLITUD","LTRENDIDX","M","2019-08",99.82036,
"JPN","CLI","AMPLITUD","LTRENDIDX","M","2019-09",99.69228,
"JPN","CLI","AMPLITUD","LTRENDIDX","M","2019-10",99.55036,
"JPN","CLI","AMPLITUD","LTRENDIDX","M","2019-11",99.40112,
"JPN","CLI","AMPLITUD","LTRENDIDX","M","2019-12",99.24553,
"JPN","CLI","AMPLITUD","LTRENDIDX","M","2020-01",99.07575,
"JPN","CLI","AMPLITUD","LTRENDIDX","M","2020-02",98.8878,
"JPN","CLI","AMPLITUD","LTRENDIDX","M","2020-03",98.37958,
"JPN","CLI","AMPLITUD","LTRENDIDX","M","2020-04",97.9382,
"JPN","CLI","AMPLITUD","LTRENDIDX","M","2020-05",97.44835,
"JPN","CLI","AMPLITUD","LTRENDIDX","M","2020-06",97.58306,
"JPN","CLI","AMPLITUD","LTRENDIDX","M","2020-07",98.09082,
"JPN","CLI","AMPLITUD","LTRENDIDX","M","2020-08",98.55088,
"JPN","CLI","AMPLITUD","LTRENDIDX","M","2020-09",98.79459,
"JPN","CLI","AMPLITUD","LTRENDIDX","M","2020-10",99.02956,
"JPN","CLI","AMPLITUD","LTRENDIDX","M","2020-11",99.29151,
"JPN","CLI","AMPLITUD","LTRENDIDX","M","2020-12",99.56875,
"JPN","CLI","AMPLITUD","LTRENDIDX","M","2021-01",99.86456,
"JPN","CLI","AMPLITUD","LTRENDIDX","M","2021-02",100.1628,
"JPN","CLI","AMPLITUD","LTRENDIDX","M","2021-03",100.4401,
"JPN","CLI","AMPLITUD","LTRENDIDX","M","2021-04",100.6841,
"JPN","CLI","AMPLITUD","LTRENDIDX","M","2021-05",100.8649,
"JPN","CLI","AMPLITUD","LTRENDIDX","M","2021-06",100.9829,
"JPN","CLI","AMPLITUD","LTRENDIDX","M","2021-07",101.0495,
"JPN","CLI","AMPLITUD","LTRENDIDX","M","2021-08",101.0824,
"JPN","CLI","AMPLITUD","LTRENDIDX","M","2021-09",101.0533,
"FRA","CLI","AMPLITUD","LTRENDIDX","M","2005-02",99.75261,
"FRA","CLI","AMPLITUD","LTRENDIDX","M","2005-03",99.70095,
"FRA","CLI","AMPLITUD","LTRENDIDX","M","2005-04",99.64779,
"FRA","CLI","AMPLITUD","LTRENDIDX","M","2005-05",99.61779,
"FRA","CLI","AMPLITUD","LTRENDIDX","M","2005-06",99.63363,
"FRA","CLI","AMPLITUD","LTRENDIDX","M","2005-07",99.68808,
"FRA","CLI","AMPLITUD","LTRENDIDX","M","2005-08",99.77831,
"FRA","CLI","AMPLITUD","LTRENDIDX","M","2005-09",99.88924,
"FRA","CLI","AMPLITUD","LTRENDIDX","M","2005-10",100.0183,
"FRA","CLI","AMPLITUD","LTRENDIDX","M","2005-11",100.1917,
"FRA","CLI","AMPLITUD","LTRENDIDX","M","2005-12",100.4009,
"FRA","CLI","AMPLITUD","LTRENDIDX","M","2006-01",100.6246,
"FRA","CLI","AMPLITUD","LTRENDIDX","M","2006-02",100.8378,
"FRA","CLI","AMPLITUD","LTRENDIDX","M","2006-03",101.0153,
"FRA","CLI","AMPLITUD","LTRENDIDX","M","2006-04",101.1542,
"FRA","CLI","AMPLITUD","LTRENDIDX","M","2006-05",101.2504,
"FRA","CLI","AMPLITUD","LTRENDIDX","M","2006-06",101.3415,
"FRA","CLI","AMPLITUD","LTRENDIDX","M","2006-07",101.4543,
"FRA","CLI","AMPLITUD","LTRENDIDX","M","2006-08",101.605,
"FRA","CLI","AMPLITUD","LTRENDIDX","M","2006-09",101.783,
"FRA","CLI","AMPLITUD","LTRENDIDX","M","2006-10",101.9857,
"FRA","CLI","AMPLITUD","LTRENDIDX","M","2006-11",102.1925,
"FRA","CLI","AMPLITUD","LTRENDIDX","M","2006-12",102.4012,
"FRA","CLI","AMPLITUD","LTRENDIDX","M","2007-01",102.6154,
"FRA","CLI","AMPLITUD","LTRENDIDX","M","2007-02",102.8164,
"FRA","CLI","AMPLITUD","LTRENDIDX","M","2007-03",102.9974,
"FRA","CLI","AMPLITUD","LTRENDIDX","M","2007-04",103.1567,
"FRA","CLI","AMPLITUD","LTRENDIDX","M","2007-05",103.2746,
"FRA","CLI","AMPLITUD","LTRENDIDX","M","2007-06",103.3252,
"FRA","CLI","AMPLITUD","LTRENDIDX","M","2007-07",103.2901,
"FRA","CLI","AMPLITUD","LTRENDIDX","M","2007-08",103.1657,
"FRA","CLI","AMPLITUD","LTRENDIDX","M","2007-09",102.9718,
"FRA","CLI","AMPLITUD","LTRENDIDX","M","2007-10",102.7206,
"FRA","CLI","AMPLITUD","LTRENDIDX","M","2007-11",102.414,
"FRA","CLI","AMPLITUD","LTRENDIDX","M","2007-12",102.0686,
"FRA","CLI","AMPLITUD","LTRENDIDX","M","2008-01",101.6855,
"FRA","CLI","AMPLITUD","LTRENDIDX","M","2008-02",101.294,
"FRA","CLI","AMPLITUD","LTRENDIDX","M","2008-03",100.8908,
"FRA","CLI","AMPLITUD","LTRENDIDX","M","2008-04",100.4559,
"FRA","CLI","AMPLITUD","LTRENDIDX","M","2008-05",99.95709,
"FRA","CLI","AMPLITUD","LTRENDIDX","M","2008-06",99.38586,
"FRA","CLI","AMPLITUD","LTRENDIDX","M","2008-07",98.7517,
"FRA","CLI","AMPLITUD","LTRENDIDX","M","2008-08",98.06427,
"FRA","CLI","AMPLITUD","LTRENDIDX","M","2008-09",97.32651,
"FRA","CLI","AMPLITUD","LTRENDIDX","M","2008-10",96.57315,
"FRA","CLI","AMPLITUD","LTRENDIDX","M","2008-11",95.88787,
"FRA","CLI","AMPLITUD","LTRENDIDX","M","2008-12",95.34453,
"FRA","CLI","AMPLITUD","LTRENDIDX","M","2009-01",95.01405,
"FRA","CLI","AMPLITUD","LTRENDIDX","M","2009-02",94.91221,
"FRA","CLI","AMPLITUD","LTRENDIDX","M","2009-03",95.05011,
"FRA","CLI","AMPLITUD","LTRENDIDX","M","2009-04",95.39668,
"FRA","CLI","AMPLITUD","LTRENDIDX","M","2009-05",95.8774,
"FRA","CLI","AMPLITUD","LTRENDIDX","M","2009-06",96.42201,
"FRA","CLI","AMPLITUD","LTRENDIDX","M","2009-07",97.01758,
"FRA","CLI","AMPLITUD","LTRENDIDX","M","2009-08",97.65891,
"FRA","CLI","AMPLITUD","LTRENDIDX","M","2009-09",98.31657,
"FRA","CLI","AMPLITUD","LTRENDIDX","M","2009-10",98.91782,
"FRA","CLI","AMPLITUD","LTRENDIDX","M","2009-11",99.39628,
"FRA","CLI","AMPLITUD","LTRENDIDX","M","2009-12",99.71278,
"FRA","CLI","AMPLITUD","LTRENDIDX","M","2010-01",99.89229,
"FRA","CLI","AMPLITUD","LTRENDIDX","M","2010-02",99.97238,
"FRA","CLI","AMPLITUD","LTRENDIDX","M","2010-03",100.0025,
"FRA","CLI","AMPLITUD","LTRENDIDX","M","2010-04",100.0137,
"FRA","CLI","AMPLITUD","LTRENDIDX","M","2010-05",100.0526,
"FRA","CLI","AMPLITUD","LTRENDIDX","M","2010-06",100.1625,
"FRA","CLI","AMPLITUD","LTRENDIDX","M","2010-07",100.3793,
"FRA","CLI","AMPLITUD","LTRENDIDX","M","2010-08",100.6937,
"FRA","CLI","AMPLITUD","LTRENDIDX","M","2010-09",101.0845,
"FRA","CLI","AMPLITUD","LTRENDIDX","M","2010-10",101.5125,
"FRA","CLI","AMPLITUD","LTRENDIDX","M","2010-11",101.9337,
"FRA","CLI","AMPLITUD","LTRENDIDX","M","2010-12",102.294,
"FRA","CLI","AMPLITUD","LTRENDIDX","M","2011-01",102.5549,
"FRA","CLI","AMPLITUD","LTRENDIDX","M","2011-02",102.6674,
"FRA","CLI","AMPLITUD","LTRENDIDX","M","2011-03",102.6166,
"FRA","CLI","AMPLITUD","LTRENDIDX","M","2011-04",102.4291,
"FRA","CLI","AMPLITUD","LTRENDIDX","M","2011-05",102.17,
"FRA","CLI","AMPLITUD","LTRENDIDX","M","2011-06",101.861,
"FRA","CLI","AMPLITUD","LTRENDIDX","M","2011-07",101.5138,
"FRA","CLI","AMPLITUD","LTRENDIDX","M","2011-08",101.138,
"FRA","CLI","AMPLITUD","LTRENDIDX","M","2011-09",100.7786,
"FRA","CLI","AMPLITUD","LTRENDIDX","M","2011-10",100.4687,
"FRA","CLI","AMPLITUD","LTRENDIDX","M","2011-11",100.2139,
"FRA","CLI","AMPLITUD","LTRENDIDX","M","2011-12",100.0219,
"FRA","CLI","AMPLITUD","LTRENDIDX","M","2012-01",99.89677,
"FRA","CLI","AMPLITUD","LTRENDIDX","M","2012-02",99.82504,
"FRA","CLI","AMPLITUD","LTRENDIDX","M","2012-03",99.75954,
"FRA","CLI","AMPLITUD","LTRENDIDX","M","2012-04",99.65234,
"FRA","CLI","AMPLITUD","LTRENDIDX","M","2012-05",99.49905,
"FRA","CLI","AMPLITUD","LTRENDIDX","M","2012-06",99.29581,
"FRA","CLI","AMPLITUD","LTRENDIDX","M","2012-07",99.05974,
"FRA","CLI","AMPLITUD","LTRENDIDX","M","2012-08",98.81824,
"FRA","CLI","AMPLITUD","LTRENDIDX","M","2012-09",98.58039,
"FRA","CLI","AMPLITUD","LTRENDIDX","M","2012-10",98.37253,
"FRA","CLI","AMPLITUD","LTRENDIDX","M","2012-11",98.21362,
"FRA","CLI","AMPLITUD","LTRENDIDX","M","2012-12",98.09031,
"FRA","CLI","AMPLITUD","LTRENDIDX","M","2013-01",97.98304,
"FRA","CLI","AMPLITUD","LTRENDIDX","M","2013-02",97.89793,
"FRA","CLI","AMPLITUD","LTRENDIDX","M","2013-03",97.82257,
"FRA","CLI","AMPLITUD","LTRENDIDX","M","2013-04",97.78349,
"FRA","CLI","AMPLITUD","LTRENDIDX","M","2013-05",97.80811,
"FRA","CLI","AMPLITUD","LTRENDIDX","M","2013-06",97.91065,
"FRA","CLI","AMPLITUD","LTRENDIDX","M","2013-07",98.08663,
"FRA","CLI","AMPLITUD","LTRENDIDX","M","2013-08",98.30676,
"FRA","CLI","AMPLITUD","LTRENDIDX","M","2013-09",98.52751,
"FRA","CLI","AMPLITUD","LTRENDIDX","M","2013-10",98.71568,
"FRA","CLI","AMPLITUD","LTRENDIDX","M","2013-11",98.84943,
"FRA","CLI","AMPLITUD","LTRENDIDX","M","2013-12",98.93848,
"FRA","CLI","AMPLITUD","LTRENDIDX","M","2014-01",98.9808,
"FRA","CLI","AMPLITUD","LTRENDIDX","M","2014-02",98.98619,
"FRA","CLI","AMPLITUD","LTRENDIDX","M","2014-03",98.95498,
"FRA","CLI","AMPLITUD","LTRENDIDX","M","2014-04",98.87819,
"FRA","CLI","AMPLITUD","LTRENDIDX","M","2014-05",98.76644,
"FRA","CLI","AMPLITUD","LTRENDIDX","M","2014-06",98.65365,
"FRA","CLI","AMPLITUD","LTRENDIDX","M","2014-07",98.56157,
"FRA","CLI","AMPLITUD","LTRENDIDX","M","2014-08",98.5101,
"FRA","CLI","AMPLITUD","LTRENDIDX","M","2014-09",98.52122,
"FRA","CLI","AMPLITUD","LTRENDIDX","M","2014-10",98.59694,
"FRA","CLI","AMPLITUD","LTRENDIDX","M","2014-11",98.73267,
"FRA","CLI","AMPLITUD","LTRENDIDX","M","2014-12",98.91165,
"FRA","CLI","AMPLITUD","LTRENDIDX","M","2015-01",99.1149,
"FRA","CLI","AMPLITUD","LTRENDIDX","M","2015-02",99.30891,
"FRA","CLI","AMPLITUD","LTRENDIDX","M","2015-03",99.47628,
"FRA","CLI","AMPLITUD","LTRENDIDX","M","2015-04",99.61274,
"FRA","CLI","AMPLITUD","LTRENDIDX","M","2015-05",99.72348,
"FRA","CLI","AMPLITUD","LTRENDIDX","M","2015-06",99.82877,
"FRA","CLI","AMPLITUD","LTRENDIDX","M","2015-07",99.93427,
"FRA","CLI","AMPLITUD","LTRENDIDX","M","2015-08",100.0484,
"FRA","CLI","AMPLITUD","LTRENDIDX","M","2015-09",100.1625,
"FRA","CLI","AMPLITUD","LTRENDIDX","M","2015-10",100.2632,
"FRA","CLI","AMPLITUD","LTRENDIDX","M","2015-11",100.346,
"FRA","CLI","AMPLITUD","LTRENDIDX","M","2015-12",100.4069,
"FRA","CLI","AMPLITUD","LTRENDIDX","M","2016-01",100.4341,
"FRA","CLI","AMPLITUD","LTRENDIDX","M","2016-02",100.4181,
"FRA","CLI","AMPLITUD","LTRENDIDX","M","2016-03",100.3699,
"FRA","CLI","AMPLITUD","LTRENDIDX","M","2016-04",100.3044,
"FRA","CLI","AMPLITUD","LTRENDIDX","M","2016-05",100.2329,
"FRA","CLI","AMPLITUD","LTRENDIDX","M","2016-06",100.1694,
"FRA","CLI","AMPLITUD","LTRENDIDX","M","2016-07",100.1411,
"FRA","CLI","AMPLITUD","LTRENDIDX","M","2016-08",100.1694,
"FRA","CLI","AMPLITUD","LTRENDIDX","M","2016-09",100.2545,
"FRA","CLI","AMPLITUD","LTRENDIDX","M","2016-10",100.3803,
"FRA","CLI","AMPLITUD","LTRENDIDX","M","2016-11",100.5371,
"FRA","CLI","AMPLITUD","LTRENDIDX","M","2016-12",100.7062,
"FRA","CLI","AMPLITUD","LTRENDIDX","M","2017-01",100.876,
"FRA","CLI","AMPLITUD","LTRENDIDX","M","2017-02",101.0409,
"FRA","CLI","AMPLITUD","LTRENDIDX","M","2017-03",101.2056,
"FRA","CLI","AMPLITUD","LTRENDIDX","M","2017-04",101.3774,
"FRA","CLI","AMPLITUD","LTRENDIDX","M","2017-05",101.5404,
"FRA","CLI","AMPLITUD","LTRENDIDX","M","2017-06",101.6689,
"FRA","CLI","AMPLITUD","LTRENDIDX","M","2017-07",101.7539,
"FRA","CLI","AMPLITUD","LTRENDIDX","M","2017-08",101.803,
"FRA","CLI","AMPLITUD","LTRENDIDX","M","2017-09",101.827,
"FRA","CLI","AMPLITUD","LTRENDIDX","M","2017-10",101.8284,
"FRA","CLI","AMPLITUD","LTRENDIDX","M","2017-11",101.8067,
"FRA","CLI","AMPLITUD","LTRENDIDX","M","2017-12",101.7533,
"FRA","CLI","AMPLITUD","LTRENDIDX","M","2018-01",101.659,
"FRA","CLI","AMPLITUD","LTRENDIDX","M","2018-02",101.5325,
"FRA","CLI","AMPLITUD","LTRENDIDX","M","2018-03",101.3941,
"FRA","CLI","AMPLITUD","LTRENDIDX","M","2018-04",101.2494,
"FRA","CLI","AMPLITUD","LTRENDIDX","M","2018-05",101.0834,
"FRA","CLI","AMPLITUD","LTRENDIDX","M","2018-06",100.8698,
"FRA","CLI","AMPLITUD","LTRENDIDX","M","2018-07",100.5933,
"FRA","CLI","AMPLITUD","LTRENDIDX","M","2018-08",100.2548,
"FRA","CLI","AMPLITUD","LTRENDIDX","M","2018-09",99.89645,
"FRA","CLI","AMPLITUD","LTRENDIDX","M","2018-10",99.58161,
"FRA","CLI","AMPLITUD","LTRENDIDX","M","2018-11",99.33797,
"FRA","CLI","AMPLITUD","LTRENDIDX","M","2018-12",99.19008,
"FRA","CLI","AMPLITUD","LTRENDIDX","M","2019-01",99.16489,
"FRA","CLI","AMPLITUD","LTRENDIDX","M","2019-02",99.22652,
"FRA","CLI","AMPLITUD","LTRENDIDX","M","2019-03",99.32576,
"FRA","CLI","AMPLITUD","LTRENDIDX","M","2019-04",99.4268,
"FRA","CLI","AMPLITUD","LTRENDIDX","M","2019-05",99.5213,
"FRA","CLI","AMPLITUD","LTRENDIDX","M","2019-06",99.60118,
"FRA","CLI","AMPLITUD","LTRENDIDX","M","2019-07",99.67136,
"FRA","CLI","AMPLITUD","LTRENDIDX","M","2019-08",99.72156,
"FRA","CLI","AMPLITUD","LTRENDIDX","M","2019-09",99.74495,
"FRA","CLI","AMPLITUD","LTRENDIDX","M","2019-10",99.73599,
"FRA","CLI","AMPLITUD","LTRENDIDX","M","2019-11",99.6944,
"FRA","CLI","AMPLITUD","LTRENDIDX","M","2019-12",99.61701,
"FRA","CLI","AMPLITUD","LTRENDIDX","M","2020-01",99.52805,
"FRA","CLI","AMPLITUD","LTRENDIDX","M","2020-02",99.47144,
"FRA","CLI","AMPLITUD","LTRENDIDX","M","2020-03",95.03508,
"FRA","CLI","AMPLITUD","LTRENDIDX","M","2020-04",88.10963,
"FRA","CLI","AMPLITUD","LTRENDIDX","M","2020-05",92.94242,
"FRA","CLI","AMPLITUD","LTRENDIDX","M","2020-06",97.44687,
"FRA","CLI","AMPLITUD","LTRENDIDX","M","2020-07",97.35471,
"FRA","CLI","AMPLITUD","LTRENDIDX","M","2020-08",97.68251,
"FRA","CLI","AMPLITUD","LTRENDIDX","M","2020-09",97.86707,
"FRA","CLI","AMPLITUD","LTRENDIDX","M","2020-10",97.9749,
"FRA","CLI","AMPLITUD","LTRENDIDX","M","2020-11",98.00208,
"FRA","CLI","AMPLITUD","LTRENDIDX","M","2020-12",98.04946,
"FRA","CLI","AMPLITUD","LTRENDIDX","M","2021-01",98.15107,
"FRA","CLI","AMPLITUD","LTRENDIDX","M","2021-02",98.2234,
"FRA","CLI","AMPLITUD","LTRENDIDX","M","2021-03",98.621,
"FRA","CLI","AMPLITUD","LTRENDIDX","M","2021-04",98.8526,
"FRA","CLI","AMPLITUD","LTRENDIDX","M","2021-05",99.10018,
"FRA","CLI","AMPLITUD","LTRENDIDX","M","2021-06",99.31661,
"FRA","CLI","AMPLITUD","LTRENDIDX","M","2021-07",99.39697,
"FRA","CLI","AMPLITUD","LTRENDIDX","M","2021-08",99.39966,
"FRA","CLI","AMPLITUD","LTRENDIDX","M","2021-09",99.39322,
"USA","CLI","AMPLITUD","LTRENDIDX","M","2005-02",100.4916,
"USA","CLI","AMPLITUD","LTRENDIDX","M","2005-03",100.4079,
"USA","CLI","AMPLITUD","LTRENDIDX","M","2005-04",100.3468,
"USA","CLI","AMPLITUD","LTRENDIDX","M","2005-05",100.3353,
"USA","CLI","AMPLITUD","LTRENDIDX","M","2005-06",100.3703,
"USA","CLI","AMPLITUD","LTRENDIDX","M","2005-07",100.4244,
"USA","CLI","AMPLITUD","LTRENDIDX","M","2005-08",100.5014,
"USA","CLI","AMPLITUD","LTRENDIDX","M","2005-09",100.6162,
"USA","CLI","AMPLITUD","LTRENDIDX","M","2005-10",100.7815,
"USA","CLI","AMPLITUD","LTRENDIDX","M","2005-11",100.9818,
"USA","CLI","AMPLITUD","LTRENDIDX","M","2005-12",101.1743,
"USA","CLI","AMPLITUD","LTRENDIDX","M","2006-01",101.325,
"USA","CLI","AMPLITUD","LTRENDIDX","M","2006-02",101.4221,
"USA","CLI","AMPLITUD","LTRENDIDX","M","2006-03",101.457,
"USA","CLI","AMPLITUD","LTRENDIDX","M","2006-04",101.4288,
"USA","CLI","AMPLITUD","LTRENDIDX","M","2006-05",101.3632,
"USA","CLI","AMPLITUD","LTRENDIDX","M","2006-06",101.3002,
"USA","CLI","AMPLITUD","LTRENDIDX","M","2006-07",101.2625,
"USA","CLI","AMPLITUD","LTRENDIDX","M","2006-08",101.2718,
"USA","CLI","AMPLITUD","LTRENDIDX","M","2006-09",101.3374,
"USA","CLI","AMPLITUD","LTRENDIDX","M","2006-10",101.4377,
"USA","CLI","AMPLITUD","LTRENDIDX","M","2006-11",101.5554,
"USA","CLI","AMPLITUD","LTRENDIDX","M","2006-12",101.6827,
"USA","CLI","AMPLITUD","LTRENDIDX","M","2007-01",101.8081,
"USA","CLI","AMPLITUD","LTRENDIDX","M","2007-02",101.9326,
"USA","CLI","AMPLITUD","LTRENDIDX","M","2007-03",102.0633,
"USA","CLI","AMPLITUD","LTRENDIDX","M","2007-04",102.189,
"USA","CLI","AMPLITUD","LTRENDIDX","M","2007-05",102.284,
"USA","CLI","AMPLITUD","LTRENDIDX","M","2007-06",102.3297,
"USA","CLI","AMPLITUD","LTRENDIDX","M","2007-07",102.3114,
"USA","CLI","AMPLITUD","LTRENDIDX","M","2007-08",102.2272,
"USA","CLI","AMPLITUD","LTRENDIDX","M","2007-09",102.1078,
"USA","CLI","AMPLITUD","LTRENDIDX","M","2007-10",101.9756,
"USA","CLI","AMPLITUD","LTRENDIDX","M","2007-11",101.836,
"USA","CLI","AMPLITUD","LTRENDIDX","M","2007-12",101.7012,
"USA","CLI","AMPLITUD","LTRENDIDX","M","2008-01",101.5596,
"USA","CLI","AMPLITUD","LTRENDIDX","M","2008-02",101.3962,
"USA","CLI","AMPLITUD","LTRENDIDX","M","2008-03",101.2114,
"USA","CLI","AMPLITUD","LTRENDIDX","M","2008-04",100.9832,
"USA","CLI","AMPLITUD","LTRENDIDX","M","2008-05",100.6817,
"USA","CLI","AMPLITUD","LTRENDIDX","M","2008-06",100.265,
"USA","CLI","AMPLITUD","LTRENDIDX","M","2008-07",99.69732,
"USA","CLI","AMPLITUD","LTRENDIDX","M","2008-08",98.95946,
"USA","CLI","AMPLITUD","LTRENDIDX","M","2008-09",98.06478,
"USA","CLI","AMPLITUD","LTRENDIDX","M","2008-10",97.07973,
"USA","CLI","AMPLITUD","LTRENDIDX","M","2008-11",96.13644,
"USA","CLI","AMPLITUD","LTRENDIDX","M","2008-12",95.34384,
"USA","CLI","AMPLITUD","LTRENDIDX","M","2009-01",94.77096,
"USA","CLI","AMPLITUD","LTRENDIDX","M","2009-02",94.45782,
"USA","CLI","AMPLITUD","LTRENDIDX","M","2009-03",94.42271,
"USA","CLI","AMPLITUD","LTRENDIDX","M","2009-04",94.65284,
"USA","CLI","AMPLITUD","LTRENDIDX","M","2009-05",95.07033,
"USA","CLI","AMPLITUD","LTRENDIDX","M","2009-06",95.6013,
"USA","CLI","AMPLITUD","LTRENDIDX","M","2009-07",96.18021,
"USA","CLI","AMPLITUD","LTRENDIDX","M","2009-08",96.76475,
"USA","CLI","AMPLITUD","LTRENDIDX","M","2009-09",97.32363,
"USA","CLI","AMPLITUD","LTRENDIDX","M","2009-10",97.8401,
"USA","CLI","AMPLITUD","LTRENDIDX","M","2009-11",98.31399,
"USA","CLI","AMPLITUD","LTRENDIDX","M","2009-12",98.74967,
"USA","CLI","AMPLITUD","LTRENDIDX","M","2010-01",99.12667,
"USA","CLI","AMPLITUD","LTRENDIDX","M","2010-02",99.41009,
"USA","CLI","AMPLITUD","LTRENDIDX","M","2010-03",99.6012,
"USA","CLI","AMPLITUD","LTRENDIDX","M","2010-04",99.68063,
"USA","CLI","AMPLITUD","LTRENDIDX","M","2010-05",99.65908,
"USA","CLI","AMPLITUD","LTRENDIDX","M","2010-06",99.5794,
"USA","CLI","AMPLITUD","LTRENDIDX","M","2010-07",99.5111,
"USA","CLI","AMPLITUD","LTRENDIDX","M","2010-08",99.50803,
"USA","CLI","AMPLITUD","LTRENDIDX","M","2010-09",99.58213,
"USA","CLI","AMPLITUD","LTRENDIDX","M","2010-10",99.71767,
"USA","CLI","AMPLITUD","LTRENDIDX","M","2010-11",99.90711,
"USA","CLI","AMPLITUD","LTRENDIDX","M","2010-12",100.1087,
"USA","CLI","AMPLITUD","LTRENDIDX","M","2011-01",100.2786,
"USA","CLI","AMPLITUD","LTRENDIDX","M","2011-02",100.3787,
"USA","CLI","AMPLITUD","LTRENDIDX","M","2011-03",100.3711,
"USA","CLI","AMPLITUD","LTRENDIDX","M","2011-04",100.2545,
"USA","CLI","AMPLITUD","LTRENDIDX","M","2011-05",100.0426,
"USA","CLI","AMPLITUD","LTRENDIDX","M","2011-06",99.75655,
"USA","CLI","AMPLITUD","LTRENDIDX","M","2011-07",99.44801,
"USA","CLI","AMPLITUD","LTRENDIDX","M","2011-08",99.18555,
"USA","CLI","AMPLITUD","LTRENDIDX","M","2011-09",99.04572,
"USA","CLI","AMPLITUD","LTRENDIDX","M","2011-10",99.06452,
"USA","CLI","AMPLITUD","LTRENDIDX","M","2011-11",99.21803,
"USA","CLI","AMPLITUD","LTRENDIDX","M","2011-12",99.44917,
"USA","CLI","AMPLITUD","LTRENDIDX","M","2012-01",99.68075,
"USA","CLI","AMPLITUD","LTRENDIDX","M","2012-02",99.84595,
"USA","CLI","AMPLITUD","LTRENDIDX","M","2012-03",99.91718,
"USA","CLI","AMPLITUD","LTRENDIDX","M","2012-04",99.89774,
"USA","CLI","AMPLITUD","LTRENDIDX","M","2012-05",99.80897,
"USA","CLI","AMPLITUD","LTRENDIDX","M","2012-06",99.69262,
"USA","CLI","AMPLITUD","LTRENDIDX","M","2012-07",99.60397,
"USA","CLI","AMPLITUD","LTRENDIDX","M","2012-08",99.56949,
"USA","CLI","AMPLITUD","LTRENDIDX","M","2012-09",99.60316,
"USA","CLI","AMPLITUD","LTRENDIDX","M","2012-10",99.68019,
"USA","CLI","AMPLITUD","LTRENDIDX","M","2012-11",99.78331,
"USA","CLI","AMPLITUD","LTRENDIDX","M","2012-12",99.91705,
"USA","CLI","AMPLITUD","LTRENDIDX","M","2013-01",100.0714,
"USA","CLI","AMPLITUD","LTRENDIDX","M","2013-02",100.2283,
"USA","CLI","AMPLITUD","LTRENDIDX","M","2013-03",100.3625,
"USA","CLI","AMPLITUD","LTRENDIDX","M","2013-04",100.4892,
"USA","CLI","AMPLITUD","LTRENDIDX","M","2013-05",100.6159,
"USA","CLI","AMPLITUD","LTRENDIDX","M","2013-06",100.7187,
"USA","CLI","AMPLITUD","LTRENDIDX","M","2013-07",100.7831,
"USA","CLI","AMPLITUD","LTRENDIDX","M","2013-08",100.8199,
"USA","CLI","AMPLITUD","LTRENDIDX","M","2013-09",100.8363,
"USA","CLI","AMPLITUD","LTRENDIDX","M","2013-10",100.838,
"USA","CLI","AMPLITUD","LTRENDIDX","M","2013-11",100.8367,
"USA","CLI","AMPLITUD","LTRENDIDX","M","2013-12",100.8239,
"USA","CLI","AMPLITUD","LTRENDIDX","M","2014-01",100.8058,
"USA","CLI","AMPLITUD","LTRENDIDX","M","2014-02",100.8177,
"USA","CLI","AMPLITUD","LTRENDIDX","M","2014-03",100.8628,
"USA","CLI","AMPLITUD","LTRENDIDX","M","2014-04",100.923,
"USA","CLI","AMPLITUD","LTRENDIDX","M","2014-05",100.9807,
"USA","CLI","AMPLITUD","LTRENDIDX","M","2014-06",101.0299,
"USA","CLI","AMPLITUD","LTRENDIDX","M","2014-07",101.0611,
"USA","CLI","AMPLITUD","LTRENDIDX","M","2014-08",101.0763,
"USA","CLI","AMPLITUD","LTRENDIDX","M","2014-09",101.0744,
"USA","CLI","AMPLITUD","LTRENDIDX","M","2014-10",101.0435,
"USA","CLI","AMPLITUD","LTRENDIDX","M","2014-11",100.9878,
"USA","CLI","AMPLITUD","LTRENDIDX","M","2014-12",100.9037,
"USA","CLI","AMPLITUD","LTRENDIDX","M","2015-01",100.7981,
"USA","CLI","AMPLITUD","LTRENDIDX","M","2015-02",100.6842,
"USA","CLI","AMPLITUD","LTRENDIDX","M","2015-03",100.5717,
"USA","CLI","AMPLITUD","LTRENDIDX","M","2015-04",100.4635,
"USA","CLI","AMPLITUD","LTRENDIDX","M","2015-05",100.3497,
"USA","CLI","AMPLITUD","LTRENDIDX","M","2015-06",100.2242,
"USA","CLI","AMPLITUD","LTRENDIDX","M","2015-07",100.0564,
"USA","CLI","AMPLITUD","LTRENDIDX","M","2015-08",99.85954,
"USA","CLI","AMPLITUD","LTRENDIDX","M","2015-09",99.6668,
"USA","CLI","AMPLITUD","LTRENDIDX","M","2015-10",99.50957,
"USA","CLI","AMPLITUD","LTRENDIDX","M","2015-11",99.37911,
"USA","CLI","AMPLITUD","LTRENDIDX","M","2015-12",99.2623,
"USA","CLI","AMPLITUD","LTRENDIDX","M","2016-01",99.16439,
"USA","CLI","AMPLITUD","LTRENDIDX","M","2016-02",99.09914,
"USA","CLI","AMPLITUD","LTRENDIDX","M","2016-03",99.07734,
"USA","CLI","AMPLITUD","LTRENDIDX","M","2016-04",99.08186,
"USA","CLI","AMPLITUD","LTRENDIDX","M","2016-05",99.09766,
"USA","CLI","AMPLITUD","LTRENDIDX","M","2016-06",99.11167,
"USA","CLI","AMPLITUD","LTRENDIDX","M","2016-07",99.13522,
"USA","CLI","AMPLITUD","LTRENDIDX","M","2016-08",99.18382,
"USA","CLI","AMPLITUD","LTRENDIDX","M","2016-09",99.27075,
"USA","CLI","AMPLITUD","LTRENDIDX","M","2016-10",99.39679,
"USA","CLI","AMPLITUD","LTRENDIDX","M","2016-11",99.54321,
"USA","CLI","AMPLITUD","LTRENDIDX","M","2016-12",99.68634,
"USA","CLI","AMPLITUD","LTRENDIDX","M","2017-01",99.79989,
"USA","CLI","AMPLITUD","LTRENDIDX","M","2017-02",99.87519,
"USA","CLI","AMPLITUD","LTRENDIDX","M","2017-03",99.91834,
"USA","CLI","AMPLITUD","LTRENDIDX","M","2017-04",99.9442,
"USA","CLI","AMPLITUD","LTRENDIDX","M","2017-05",99.97357,
"USA","CLI","AMPLITUD","LTRENDIDX","M","2017-06",100.0155,
"USA","CLI","AMPLITUD","LTRENDIDX","M","2017-07",100.0671,
"USA","CLI","AMPLITUD","LTRENDIDX","M","2017-08",100.1465,
"USA","CLI","AMPLITUD","LTRENDIDX","M","2017-09",100.2463,
"USA","CLI","AMPLITUD","LTRENDIDX","M","2017-10",100.3526,
"USA","CLI","AMPLITUD","LTRENDIDX","M","2017-11",100.4501,
"USA","CLI","AMPLITUD","LTRENDIDX","M","2017-12",100.5398,
"USA","CLI","AMPLITUD","LTRENDIDX","M","2018-01",100.6336,
"USA","CLI","AMPLITUD","LTRENDIDX","M","2018-02",100.7262,
"USA","CLI","AMPLITUD","LTRENDIDX","M","2018-03",100.7864,
"USA","CLI","AMPLITUD","LTRENDIDX","M","2018-04",100.8036,
"USA","CLI","AMPLITUD","LTRENDIDX","M","2018-05",100.7881,
"USA","CLI","AMPLITUD","LTRENDIDX","M","2018-06",100.7492,
"USA","CLI","AMPLITUD","LTRENDIDX","M","2018-07",100.6868,
"USA","CLI","AMPLITUD","LTRENDIDX","M","2018-08",100.5982,
"USA","CLI","AMPLITUD","LTRENDIDX","M","2018-09",100.4641,
"USA","CLI","AMPLITUD","LTRENDIDX","M","2018-10",100.2828,
"USA","CLI","AMPLITUD","LTRENDIDX","M","2018-11",100.0787,
"USA","CLI","AMPLITUD","LTRENDIDX","M","2018-12",99.88235,
"USA","CLI","AMPLITUD","LTRENDIDX","M","2019-01",99.71328,
"USA","CLI","AMPLITUD","LTRENDIDX","M","2019-02",99.5792,
"USA","CLI","AMPLITUD","LTRENDIDX","M","2019-03",99.47206,
"USA","CLI","AMPLITUD","LTRENDIDX","M","2019-04",99.36328,
"USA","CLI","AMPLITUD","LTRENDIDX","M","2019-05",99.24782,
"USA","CLI","AMPLITUD","LTRENDIDX","M","2019-06",99.13592,
"USA","CLI","AMPLITUD","LTRENDIDX","M","2019-07",99.03468,
"USA","CLI","AMPLITUD","LTRENDIDX","M","2019-08",98.95222,
"USA","CLI","AMPLITUD","LTRENDIDX","M","2019-09",98.91679,
"USA","CLI","AMPLITUD","LTRENDIDX","M","2019-10",98.91737,
"USA","CLI","AMPLITUD","LTRENDIDX","M","2019-11",98.92435,
"USA","CLI","AMPLITUD","LTRENDIDX","M","2019-12",98.90986,
"USA","CLI","AMPLITUD","LTRENDIDX","M","2020-01",98.84136,
"USA","CLI","AMPLITUD","LTRENDIDX","M","2020-02",98.70831,
"USA","CLI","AMPLITUD","LTRENDIDX","M","2020-03",96.76784,
"USA","CLI","AMPLITUD","LTRENDIDX","M","2020-04",91.76978,
"USA","CLI","AMPLITUD","LTRENDIDX","M","2020-05",93.23367,
"USA","CLI","AMPLITUD","LTRENDIDX","M","2020-06",95.25058,
"USA","CLI","AMPLITUD","LTRENDIDX","M","2020-07",96.89885,
"USA","CLI","AMPLITUD","LTRENDIDX","M","2020-08",97.62541,
"USA","CLI","AMPLITUD","LTRENDIDX","M","2020-09",97.87832,
"USA","CLI","AMPLITUD","LTRENDIDX","M","2020-10",98.20541,
"USA","CLI","AMPLITUD","LTRENDIDX","M","2020-11",98.57401,
"USA","CLI","AMPLITUD","LTRENDIDX","M","2020-12",98.96793,
"USA","CLI","AMPLITUD","LTRENDIDX","M","2021-01",99.32266,
"USA","CLI","AMPLITUD","LTRENDIDX","M","2021-02",99.68684,
"USA","CLI","AMPLITUD","LTRENDIDX","M","2021-03",100.0107,
"USA","CLI","AMPLITUD","LTRENDIDX","M","2021-04",100.2684,
"USA","CLI","AMPLITUD","LTRENDIDX","M","2021-05",100.3791,
"USA","CLI","AMPLITUD","LTRENDIDX","M","2021-06",100.4931,
"USA","CLI","AMPLITUD","LTRENDIDX","M","2021-07",100.5159,
"USA","CLI","AMPLITUD","LTRENDIDX","M","2021-08",100.5131,
"USA","CLI","AMPLITUD","LTRENDIDX","M","2021-09",100.4867,
"DEU","CLI","AMPLITUD","LTRENDIDX","M","2005-02",99.8377,
"DEU","CLI","AMPLITUD","LTRENDIDX","M","2005-03",99.66206,
"DEU","CLI","AMPLITUD","LTRENDIDX","M","2005-04",99.53066,
"DEU","CLI","AMPLITUD","LTRENDIDX","M","2005-05",99.47002,
"DEU","CLI","AMPLITUD","LTRENDIDX","M","2005-06",99.49104,
"DEU","CLI","AMPLITUD","LTRENDIDX","M","2005-07",99.59327,
"DEU","CLI","AMPLITUD","LTRENDIDX","M","2005-08",99.75766,
"DEU","CLI","AMPLITUD","LTRENDIDX","M","2005-09",99.9831,
"DEU","CLI","AMPLITUD","LTRENDIDX","M","2005-10",100.2515,
"DEU","CLI","AMPLITUD","LTRENDIDX","M","2005-11",100.5338,
"DEU","CLI","AMPLITUD","LTRENDIDX","M","2005-12",100.8268,
"DEU","CLI","AMPLITUD","LTRENDIDX","M","2006-01",101.1073,
"DEU","CLI","AMPLITUD","LTRENDIDX","M","2006-02",101.3495,
"DEU","CLI","AMPLITUD","LTRENDIDX","M","2006-03",101.5405,
"DEU","CLI","AMPLITUD","LTRENDIDX","M","2006-04",101.6723,
"DEU","CLI","AMPLITUD","LTRENDIDX","M","2006-05",101.7423,
"DEU","CLI","AMPLITUD","LTRENDIDX","M","2006-06",101.7637,
"DEU","CLI","AMPLITUD","LTRENDIDX","M","2006-07",101.7546,
"DEU","CLI","AMPLITUD","LTRENDIDX","M","2006-08",101.747,
"DEU","CLI","AMPLITUD","LTRENDIDX","M","2006-09",101.7671,
"DEU","CLI","AMPLITUD","LTRENDIDX","M","2006-10",101.8286,
"DEU","CLI","AMPLITUD","LTRENDIDX","M","2006-11",101.928,
"DEU","CLI","AMPLITUD","LTRENDIDX","M","2006-12",102.04,
"DEU","CLI","AMPLITUD","LTRENDIDX","M","2007-01",102.1485,
"DEU","CLI","AMPLITUD","LTRENDIDX","M","2007-02",102.2502,
"DEU","CLI","AMPLITUD","LTRENDIDX","M","2007-03",102.3467,
"DEU","CLI","AMPLITUD","LTRENDIDX","M","2007-04",102.4261,
"DEU","CLI","AMPLITUD","LTRENDIDX","M","2007-05",102.4781,
"DEU","CLI","AMPLITUD","LTRENDIDX","M","2007-06",102.4765,
"DEU","CLI","AMPLITUD","LTRENDIDX","M","2007-07",102.4093,
"DEU","CLI","AMPLITUD","LTRENDIDX","M","2007-08",102.3,
"DEU","CLI","AMPLITUD","LTRENDIDX","M","2007-09",102.1776,
"DEU","CLI","AMPLITUD","LTRENDIDX","M","2007-10",102.0624,
"DEU","CLI","AMPLITUD","LTRENDIDX","M","2007-11",101.9458,
"DEU","CLI","AMPLITUD","LTRENDIDX","M","2007-12",101.82,
"DEU","CLI","AMPLITUD","LTRENDIDX","M","2008-01",101.6765,
"DEU","CLI","AMPLITUD","LTRENDIDX","M","2008-02",101.4972,
"DEU","CLI","AMPLITUD","LTRENDIDX","M","2008-03",101.2519,
"DEU","CLI","AMPLITUD","LTRENDIDX","M","2008-04",100.9112,
"DEU","CLI","AMPLITUD","LTRENDIDX","M","2008-05",100.4558,
"DEU","CLI","AMPLITUD","LTRENDIDX","M","2008-06",99.85127,
"DEU","CLI","AMPLITUD","LTRENDIDX","M","2008-07",99.08999,
"DEU","CLI","AMPLITUD","LTRENDIDX","M","2008-08",98.18154,
"DEU","CLI","AMPLITUD","LTRENDIDX","M","2008-09",97.14914,
"DEU","CLI","AMPLITUD","LTRENDIDX","M","2008-10",96.06581,
"DEU","CLI","AMPLITUD","LTRENDIDX","M","2008-11",95.05595,
"DEU","CLI","AMPLITUD","LTRENDIDX","M","2008-12",94.24833,
"DEU","CLI","AMPLITUD","LTRENDIDX","M","2009-01",93.74046,
"DEU","CLI","AMPLITUD","LTRENDIDX","M","2009-02",93.55724,
"DEU","CLI","AMPLITUD","LTRENDIDX","M","2009-03",93.70337,
"DEU","CLI","AMPLITUD","LTRENDIDX","M","2009-04",94.15524,
"DEU","CLI","AMPLITUD","LTRENDIDX","M","2009-05",94.85801,
"DEU","CLI","AMPLITUD","LTRENDIDX","M","2009-06",95.72926,
"DEU","CLI","AMPLITUD","LTRENDIDX","M","2009-07",96.67344,
"DEU","CLI","AMPLITUD","LTRENDIDX","M","2009-08",97.59346,
"DEU","CLI","AMPLITUD","LTRENDIDX","M","2009-09",98.41215,
"DEU","CLI","AMPLITUD","LTRENDIDX","M","2009-10",99.09684,
"DEU","CLI","AMPLITUD","LTRENDIDX","M","2009-11",99.65261,
"DEU","CLI","AMPLITUD","LTRENDIDX","M","2009-12",100.1032,
"DEU","CLI","AMPLITUD","LTRENDIDX","M","2010-01",100.4881,
"DEU","CLI","AMPLITUD","LTRENDIDX","M","2010-02",100.8444,
"DEU","CLI","AMPLITUD","LTRENDIDX","M","2010-03",101.1858,
"DEU","CLI","AMPLITUD","LTRENDIDX","M","2010-04",101.4979,
"DEU","CLI","AMPLITUD","LTRENDIDX","M","2010-05",101.7671,
"DEU","CLI","AMPLITUD","LTRENDIDX","M","2010-06",102.0192,
"DEU","CLI","AMPLITUD","LTRENDIDX","M","2010-07",102.2802,
"DEU","CLI","AMPLITUD","LTRENDIDX","M","2010-08",102.5424,
"DEU","CLI","AMPLITUD","LTRENDIDX","M","2010-09",102.796,
"DEU","CLI","AMPLITUD","LTRENDIDX","M","2010-10",103.0308,
"DEU","CLI","AMPLITUD","LTRENDIDX","M","2010-11",103.2266,
"DEU","CLI","AMPLITUD","LTRENDIDX","M","2010-12",103.3553,
"DEU","CLI","AMPLITUD","LTRENDIDX","M","2011-01",103.3944,
"DEU","CLI","AMPLITUD","LTRENDIDX","M","2011-02",103.3256,
"DEU","CLI","AMPLITUD","LTRENDIDX","M","2011-03",103.1397,
"DEU","CLI","AMPLITUD","LTRENDIDX","M","2011-04",102.8393,
"DEU","CLI","AMPLITUD","LTRENDIDX","M","2011-05",102.4421,
"DEU","CLI","AMPLITUD","LTRENDIDX","M","2011-06",101.9639,
"DEU","CLI","AMPLITUD","LTRENDIDX","M","2011-07",101.4359,
"DEU","CLI","AMPLITUD","LTRENDIDX","M","2011-08",100.9155,
"DEU","CLI","AMPLITUD","LTRENDIDX","M","2011-09",100.4763,
"DEU","CLI","AMPLITUD","LTRENDIDX","M","2011-10",100.1653,
"DEU","CLI","AMPLITUD","LTRENDIDX","M","2011-11",99.98816,
"DEU","CLI","AMPLITUD","LTRENDIDX","M","2011-12",99.92859,
"DEU","CLI","AMPLITUD","LTRENDIDX","M","2012-01",99.92213,
"DEU","CLI","AMPLITUD","LTRENDIDX","M","2012-02",99.91245,
"DEU","CLI","AMPLITUD","LTRENDIDX","M","2012-03",99.84893,
"DEU","CLI","AMPLITUD","LTRENDIDX","M","2012-04",99.70289,
"DEU","CLI","AMPLITUD","LTRENDIDX","M","2012-05",99.47849,
"DEU","CLI","AMPLITUD","LTRENDIDX","M","2012-06",99.20116,
"DEU","CLI","AMPLITUD","LTRENDIDX","M","2012-07",98.92313,
"DEU","CLI","AMPLITUD","LTRENDIDX","M","2012-08",98.69704,
"DEU","CLI","AMPLITUD","LTRENDIDX","M","2012-09",98.5611,
"DEU","CLI","AMPLITUD","LTRENDIDX","M","2012-10",98.53622,
"DEU","CLI","AMPLITUD","LTRENDIDX","M","2012-11",98.62521,
"DEU","CLI","AMPLITUD","LTRENDIDX","M","2012-12",98.79462,
"DEU","CLI","AMPLITUD","LTRENDIDX","M","2013-01",99.00398,
"DEU","CLI","AMPLITUD","LTRENDIDX","M","2013-02",99.21251,
"DEU","CLI","AMPLITUD","LTRENDIDX","M","2013-03",99.38641,
"DEU","CLI","AMPLITUD","LTRENDIDX","M","2013-04",99.54296,
"DEU","CLI","AMPLITUD","LTRENDIDX","M","2013-05",99.71629,
"DEU","CLI","AMPLITUD","LTRENDIDX","M","2013-06",99.91468,
"DEU","CLI","AMPLITUD","LTRENDIDX","M","2013-07",100.132,
"DEU","CLI","AMPLITUD","LTRENDIDX","M","2013-08",100.3659,
"DEU","CLI","AMPLITUD","LTRENDIDX","M","2013-09",100.5845,
"DEU","CLI","AMPLITUD","LTRENDIDX","M","2013-10",100.7611,
"DEU","CLI","AMPLITUD","LTRENDIDX","M","2013-11",100.8916,
"DEU","CLI","AMPLITUD","LTRENDIDX","M","2013-12",100.9684,
"DEU","CLI","AMPLITUD","LTRENDIDX","M","2014-01",100.9952,
"DEU","CLI","AMPLITUD","LTRENDIDX","M","2014-02",100.9628,
"DEU","CLI","AMPLITUD","LTRENDIDX","M","2014-03",100.8739,
"DEU","CLI","AMPLITUD","LTRENDIDX","M","2014-04",100.7402,
"DEU","CLI","AMPLITUD","LTRENDIDX","M","2014-05",100.568,
"DEU","CLI","AMPLITUD","LTRENDIDX","M","2014-06",100.3741,
"DEU","CLI","AMPLITUD","LTRENDIDX","M","2014-07",100.1743,
"DEU","CLI","AMPLITUD","LTRENDIDX","M","2014-08",99.98351,
"DEU","CLI","AMPLITUD","LTRENDIDX","M","2014-09",99.82583,
"DEU","CLI","AMPLITUD","LTRENDIDX","M","2014-10",99.72108,
"DEU","CLI","AMPLITUD","LTRENDIDX","M","2014-11",99.67278,
"DEU","CLI","AMPLITUD","LTRENDIDX","M","2014-12",99.67518,
"DEU","CLI","AMPLITUD","LTRENDIDX","M","2015-01",99.71918,
"DEU","CLI","AMPLITUD","LTRENDIDX","M","2015-02",99.79051,
"DEU","CLI","AMPLITUD","LTRENDIDX","M","2015-03",99.87931,
"DEU","CLI","AMPLITUD","LTRENDIDX","M","2015-04",99.96642,
"DEU","CLI","AMPLITUD","LTRENDIDX","M","2015-05",100.0313,
"DEU","CLI","AMPLITUD","LTRENDIDX","M","2015-06",100.0667,
"DEU","CLI","AMPLITUD","LTRENDIDX","M","2015-07",100.0703,
"DEU","CLI","AMPLITUD","LTRENDIDX","M","2015-08",100.0394,
"DEU","CLI","AMPLITUD","LTRENDIDX","M","2015-09",99.97621,
"DEU","CLI","AMPLITUD","LTRENDIDX","M","2015-10",99.89239,
"DEU","CLI","AMPLITUD","LTRENDIDX","M","2015-11",99.79076,
"DEU","CLI","AMPLITUD","LTRENDIDX","M","2015-12",99.67608,
"DEU","CLI","AMPLITUD","LTRENDIDX","M","2016-01",99.56149,
"DEU","CLI","AMPLITUD","LTRENDIDX","M","2016-02",99.46651,
"DEU","CLI","AMPLITUD","LTRENDIDX","M","2016-03",99.41714,
"DEU","CLI","AMPLITUD","LTRENDIDX","M","2016-04",99.41039,
"DEU","CLI","AMPLITUD","LTRENDIDX","M","2016-05",99.44021,
"DEU","CLI","AMPLITUD","LTRENDIDX","M","2016-06",99.49697,
"DEU","CLI","AMPLITUD","LTRENDIDX","M","2016-07",99.57966,
"DEU","CLI","AMPLITUD","LTRENDIDX","M","2016-08",99.68596,
"DEU","CLI","AMPLITUD","LTRENDIDX","M","2016-09",99.82309,
"DEU","CLI","AMPLITUD","LTRENDIDX","M","2016-10",99.97223,
"DEU","CLI","AMPLITUD","LTRENDIDX","M","2016-11",100.1148,
"DEU","CLI","AMPLITUD","LTRENDIDX","M","2016-12",100.2692,
"DEU","CLI","AMPLITUD","LTRENDIDX","M","2017-01",100.4317,
"DEU","CLI","AMPLITUD","LTRENDIDX","M","2017-02",100.6066,
"DEU","CLI","AMPLITUD","LTRENDIDX","M","2017-03",100.791,
"DEU","CLI","AMPLITUD","LTRENDIDX","M","2017-04",100.9765,
"DEU","CLI","AMPLITUD","LTRENDIDX","M","2017-05",101.1497,
"DEU","CLI","AMPLITUD","LTRENDIDX","M","2017-06",101.3183,
"DEU","CLI","AMPLITUD","LTRENDIDX","M","2017-07",101.4774,
"DEU","CLI","AMPLITUD","LTRENDIDX","M","2017-08",101.6182,
"DEU","CLI","AMPLITUD","LTRENDIDX","M","2017-09",101.7378,
"DEU","CLI","AMPLITUD","LTRENDIDX","M","2017-10",101.8284,
"DEU","CLI","AMPLITUD","LTRENDIDX","M","2017-11",101.8789,
"DEU","CLI","AMPLITUD","LTRENDIDX","M","2017-12",101.8852,
"DEU","CLI","AMPLITUD","LTRENDIDX","M","2018-01",101.8416,
"DEU","CLI","AMPLITUD","LTRENDIDX","M","2018-02",101.7609,
"DEU","CLI","AMPLITUD","LTRENDIDX","M","2018-03",101.6493,
"DEU","CLI","AMPLITUD","LTRENDIDX","M","2018-04",101.5236,
"DEU","CLI","AMPLITUD","LTRENDIDX","M","2018-05",101.3984,
"DEU","CLI","AMPLITUD","LTRENDIDX","M","2018-06",101.2773,
"DEU","CLI","AMPLITUD","LTRENDIDX","M","2018-07",101.1677,
"DEU","CLI","AMPLITUD","LTRENDIDX","M","2018-08",101.0527,
"DEU","CLI","AMPLITUD","LTRENDIDX","M","2018-09",100.9139,
"DEU","CLI","AMPLITUD","LTRENDIDX","M","2018-10",100.7383,
"DEU","CLI","AMPLITUD","LTRENDIDX","M","2018-11",100.5405,
"DEU","CLI","AMPLITUD","LTRENDIDX","M","2018-12",100.3203,
"DEU","CLI","AMPLITUD","LTRENDIDX","M","2019-01",100.0927,
"DEU","CLI","AMPLITUD","LTRENDIDX","M","2019-02",99.87508,
"DEU","CLI","AMPLITUD","LTRENDIDX","M","2019-03",99.66109,
"DEU","CLI","AMPLITUD","LTRENDIDX","M","2019-04",99.44431,
"DEU","CLI","AMPLITUD","LTRENDIDX","M","2019-05",99.21262,
"DEU","CLI","AMPLITUD","LTRENDIDX","M","2019-06",98.96541,
"DEU","CLI","AMPLITUD","LTRENDIDX","M","2019-07",98.73496,
"DEU","CLI","AMPLITUD","LTRENDIDX","M","2019-08",98.56561,
"DEU","CLI","AMPLITUD","LTRENDIDX","M","2019-09",98.47906,
"DEU","CLI","AMPLITUD","LTRENDIDX","M","2019-10",98.47332,
"DEU","CLI","AMPLITUD","LTRENDIDX","M","2019-11",98.51886,
"DEU","CLI","AMPLITUD","LTRENDIDX","M","2019-12",98.57442,
"DEU","CLI","AMPLITUD","LTRENDIDX","M","2020-01",98.60683,
"DEU","CLI","AMPLITUD","LTRENDIDX","M","2020-02",98.57943,
"DEU","CLI","AMPLITUD","LTRENDIDX","M","2020-03",95.85155,
"DEU","CLI","AMPLITUD","LTRENDIDX","M","2020-04",90.61827,
"DEU","CLI","AMPLITUD","LTRENDIDX","M","2020-05",92.53401,
"DEU","CLI","AMPLITUD","LTRENDIDX","M","2020-06",97.02005,
"DEU","CLI","AMPLITUD","LTRENDIDX","M","2020-07",98.23328,
"DEU","CLI","AMPLITUD","LTRENDIDX","M","2020-08",98.6069,
"DEU","CLI","AMPLITUD","LTRENDIDX","M","2020-09",98.75897,
"DEU","CLI","AMPLITUD","LTRENDIDX","M","2020-10",98.91673,
"DEU","CLI","AMPLITUD","LTRENDIDX","M","2020-11",99.08907,
"DEU","CLI","AMPLITUD","LTRENDIDX","M","2020-12",99.33348,
"DEU","CLI","AMPLITUD","LTRENDIDX","M","2021-01",99.6793,
"DEU","CLI","AMPLITUD","LTRENDIDX","M","2021-02",100.1384,
"DEU","CLI","AMPLITUD","LTRENDIDX","M","2021-03",100.6623,
"DEU","CLI","AMPLITUD","LTRENDIDX","M","2021-04",101.1518,
"DEU","CLI","AMPLITUD","LTRENDIDX","M","2021-05",101.5433,
"DEU","CLI","AMPLITUD","LTRENDIDX","M","2021-06",101.8149,
"DEU","CLI","AMPLITUD","LTRENDIDX","M","2021-07",101.9548,
"DEU","CLI","AMPLITUD","LTRENDIDX","M","2021-08",101.9848,
"DEU","CLI","AMPLITUD","LTRENDIDX","M","2021-09",101.9655,
"CAN","CLI","AMPLITUD","LTRENDIDX","M","2005-02",100.0853,
"CAN","CLI","AMPLITUD","LTRENDIDX","M","2005-03",100.0054,
"CAN","CLI","AMPLITUD","LTRENDIDX","M","2005-04",99.91579,
"CAN","CLI","AMPLITUD","LTRENDIDX","M","2005-05",99.84267,
"CAN","CLI","AMPLITUD","LTRENDIDX","M","2005-06",99.79807,
"CAN","CLI","AMPLITUD","LTRENDIDX","M","2005-07",99.78516,
"CAN","CLI","AMPLITUD","LTRENDIDX","M","2005-08",99.80967,
"CAN","CLI","AMPLITUD","LTRENDIDX","M","2005-09",99.88456,
"CAN","CLI","AMPLITUD","LTRENDIDX","M","2005-10",100.0074,
"CAN","CLI","AMPLITUD","LTRENDIDX","M","2005-11",100.1591,
"CAN","CLI","AMPLITUD","LTRENDIDX","M","2005-12",100.3054,
"CAN","CLI","AMPLITUD","LTRENDIDX","M","2006-01",100.4082,
"CAN","CLI","AMPLITUD","LTRENDIDX","M","2006-02",100.4505,
"CAN","CLI","AMPLITUD","LTRENDIDX","M","2006-03",100.4399,
"CAN","CLI","AMPLITUD","LTRENDIDX","M","2006-04",100.3865,
"CAN","CLI","AMPLITUD","LTRENDIDX","M","2006-05",100.2975,
"CAN","CLI","AMPLITUD","LTRENDIDX","M","2006-06",100.2083,
"CAN","CLI","AMPLITUD","LTRENDIDX","M","2006-07",100.1347,
"CAN","CLI","AMPLITUD","LTRENDIDX","M","2006-08",100.0917,
"CAN","CLI","AMPLITUD","LTRENDIDX","M","2006-09",100.089,
"CAN","CLI","AMPLITUD","LTRENDIDX","M","2006-10",100.142,
"CAN","CLI","AMPLITUD","LTRENDIDX","M","2006-11",100.2476,
"CAN","CLI","AMPLITUD","LTRENDIDX","M","2006-12",100.3806,
"CAN","CLI","AMPLITUD","LTRENDIDX","M","2007-01",100.4969,
"CAN","CLI","AMPLITUD","LTRENDIDX","M","2007-02",100.5927,
"CAN","CLI","AMPLITUD","LTRENDIDX","M","2007-03",100.6689,
"CAN","CLI","AMPLITUD","LTRENDIDX","M","2007-04",100.7235,
"CAN","CLI","AMPLITUD","LTRENDIDX","M","2007-05",100.7467,
"CAN","CLI","AMPLITUD","LTRENDIDX","M","2007-06",100.7368,
"CAN","CLI","AMPLITUD","LTRENDIDX","M","2007-07",100.6957,
"CAN","CLI","AMPLITUD","LTRENDIDX","M","2007-08",100.6265,
"CAN","CLI","AMPLITUD","LTRENDIDX","M","2007-09",100.5364,
"CAN","CLI","AMPLITUD","LTRENDIDX","M","2007-10",100.4261,
"CAN","CLI","AMPLITUD","LTRENDIDX","M","2007-11",100.3068,
"CAN","CLI","AMPLITUD","LTRENDIDX","M","2007-12",100.1949,
"CAN","CLI","AMPLITUD","LTRENDIDX","M","2008-01",100.1183,
"CAN","CLI","AMPLITUD","LTRENDIDX","M","2008-02",100.0722,
"CAN","CLI","AMPLITUD","LTRENDIDX","M","2008-03",100.0252,
"CAN","CLI","AMPLITUD","LTRENDIDX","M","2008-04",99.94926,
"CAN","CLI","AMPLITUD","LTRENDIDX","M","2008-05",99.79703,
"CAN","CLI","AMPLITUD","LTRENDIDX","M","2008-06",99.51788,
"CAN","CLI","AMPLITUD","LTRENDIDX","M","2008-07",99.0825,
"CAN","CLI","AMPLITUD","LTRENDIDX","M","2008-08",98.47946,
"CAN","CLI","AMPLITUD","LTRENDIDX","M","2008-09",97.73947,
"CAN","CLI","AMPLITUD","LTRENDIDX","M","2008-10",96.94811,
"CAN","CLI","AMPLITUD","LTRENDIDX","M","2008-11",96.22474,
"CAN","CLI","AMPLITUD","LTRENDIDX","M","2008-12",95.6738,
"CAN","CLI","AMPLITUD","LTRENDIDX","M","2009-01",95.38306,
"CAN","CLI","AMPLITUD","LTRENDIDX","M","2009-02",95.37466,
"CAN","CLI","AMPLITUD","LTRENDIDX","M","2009-03",95.64185,
"CAN","CLI","AMPLITUD","LTRENDIDX","M","2009-04",96.15265,
"CAN","CLI","AMPLITUD","LTRENDIDX","M","2009-05",96.82934,
"CAN","CLI","AMPLITUD","LTRENDIDX","M","2009-06",97.60878,
"CAN","CLI","AMPLITUD","LTRENDIDX","M","2009-07",98.42232,
"CAN","CLI","AMPLITUD","LTRENDIDX","M","2009-08",99.19278,
"CAN","CLI","AMPLITUD","LTRENDIDX","M","2009-09",99.86502,
"CAN","CLI","AMPLITUD","LTRENDIDX","M","2009-10",100.4169,
"CAN","CLI","AMPLITUD","LTRENDIDX","M","2009-11",100.8596,
"CAN","CLI","AMPLITUD","LTRENDIDX","M","2009-12",101.2197,
"CAN","CLI","AMPLITUD","LTRENDIDX","M","2010-01",101.5001,
"CAN","CLI","AMPLITUD","LTRENDIDX","M","2010-02",101.6927,
"CAN","CLI","AMPLITUD","LTRENDIDX","M","2010-03",101.7951,
"CAN","CLI","AMPLITUD","LTRENDIDX","M","2010-04",101.7925,
"CAN","CLI","AMPLITUD","LTRENDIDX","M","2010-05",101.6962,
"CAN","CLI","AMPLITUD","LTRENDIDX","M","2010-06",101.5355,
"CAN","CLI","AMPLITUD","LTRENDIDX","M","2010-07",101.3716,
"CAN","CLI","AMPLITUD","LTRENDIDX","M","2010-08",101.2605,
"CAN","CLI","AMPLITUD","LTRENDIDX","M","2010-09",101.2285,
"CAN","CLI","AMPLITUD","LTRENDIDX","M","2010-10",101.2689,
"CAN","CLI","AMPLITUD","LTRENDIDX","M","2010-11",101.3515,
"CAN","CLI","AMPLITUD","LTRENDIDX","M","2010-12",101.4393,
"CAN","CLI","AMPLITUD","LTRENDIDX","M","2011-01",101.48,
"CAN","CLI","AMPLITUD","LTRENDIDX","M","2011-02",101.4191,
"CAN","CLI","AMPLITUD","LTRENDIDX","M","2011-03",101.2414,
"CAN","CLI","AMPLITUD","LTRENDIDX","M","2011-04",100.9733,
"CAN","CLI","AMPLITUD","LTRENDIDX","M","2011-05",100.652,
"CAN","CLI","AMPLITUD","LTRENDIDX","M","2011-06",100.337,
"CAN","CLI","AMPLITUD","LTRENDIDX","M","2011-07",100.0608,
"CAN","CLI","AMPLITUD","LTRENDIDX","M","2011-08",99.83753,
"CAN","CLI","AMPLITUD","LTRENDIDX","M","2011-09",99.68233,
"CAN","CLI","AMPLITUD","LTRENDIDX","M","2011-10",99.58856,
"CAN","CLI","AMPLITUD","LTRENDIDX","M","2011-11",99.5501,
"CAN","CLI","AMPLITUD","LTRENDIDX","M","2011-12",99.54632,
"CAN","CLI","AMPLITUD","LTRENDIDX","M","2012-01",99.55717,
"CAN","CLI","AMPLITUD","LTRENDIDX","M","2012-02",99.55734,
"CAN","CLI","AMPLITUD","LTRENDIDX","M","2012-03",99.53388,
"CAN","CLI","AMPLITUD","LTRENDIDX","M","2012-04",99.47701,
"CAN","CLI","AMPLITUD","LTRENDIDX","M","2012-05",99.39266,
"CAN","CLI","AMPLITUD","LTRENDIDX","M","2012-06",99.29541,
"CAN","CLI","AMPLITUD","LTRENDIDX","M","2012-07",99.21036,
"CAN","CLI","AMPLITUD","LTRENDIDX","M","2012-08",99.15463,
"CAN","CLI","AMPLITUD","LTRENDIDX","M","2012-09",99.13148,
"CAN","CLI","AMPLITUD","LTRENDIDX","M","2012-10",99.13347,
"CAN","CLI","AMPLITUD","LTRENDIDX","M","2012-11",99.16832,
"CAN","CLI","AMPLITUD","LTRENDIDX","M","2012-12",99.23174,
"CAN","CLI","AMPLITUD","LTRENDIDX","M","2013-01",99.31306,
"CAN","CLI","AMPLITUD","LTRENDIDX","M","2013-02",99.38702,
"CAN","CLI","AMPLITUD","LTRENDIDX","M","2013-03",99.4349,
"CAN","CLI","AMPLITUD","LTRENDIDX","M","2013-04",99.47504,
"CAN","CLI","AMPLITUD","LTRENDIDX","M","2013-05",99.54523,
"CAN","CLI","AMPLITUD","LTRENDIDX","M","2013-06",99.65384,
"CAN","CLI","AMPLITUD","LTRENDIDX","M","2013-07",99.79721,
"CAN","CLI","AMPLITUD","LTRENDIDX","M","2013-08",99.96033,
"CAN","CLI","AMPLITUD","LTRENDIDX","M","2013-09",100.1108,
"CAN","CLI","AMPLITUD","LTRENDIDX","M","2013-10",100.2212,
"CAN","CLI","AMPLITUD","LTRENDIDX","M","2013-11",100.283,
"CAN","CLI","AMPLITUD","LTRENDIDX","M","2013-12",100.3058,
"CAN","CLI","AMPLITUD","LTRENDIDX","M","2014-01",100.3254,
"CAN","CLI","AMPLITUD","LTRENDIDX","M","2014-02",100.3698,
"CAN","CLI","AMPLITUD","LTRENDIDX","M","2014-03",100.4349,
"CAN","CLI","AMPLITUD","LTRENDIDX","M","2014-04",100.5129,
"CAN","CLI","AMPLITUD","LTRENDIDX","M","2014-05",100.5973,
"CAN","CLI","AMPLITUD","LTRENDIDX","M","2014-06",100.6738,
"CAN","CLI","AMPLITUD","LTRENDIDX","M","2014-07",100.7285,
"CAN","CLI","AMPLITUD","LTRENDIDX","M","2014-08",100.7418,
"CAN","CLI","AMPLITUD","LTRENDIDX","M","2014-09",100.7027,
"CAN","CLI","AMPLITUD","LTRENDIDX","M","2014-10",100.6106,
"CAN","CLI","AMPLITUD","LTRENDIDX","M","2014-11",100.4783,
"CAN","CLI","AMPLITUD","LTRENDIDX","M","2014-12",100.3163,
"CAN","CLI","AMPLITUD","LTRENDIDX","M","2015-01",100.1317,
"CAN","CLI","AMPLITUD","LTRENDIDX","M","2015-02",99.95495,
"CAN","CLI","AMPLITUD","LTRENDIDX","M","2015-03",99.81145,
"CAN","CLI","AMPLITUD","LTRENDIDX","M","2015-04",99.70097,
"CAN","CLI","AMPLITUD","LTRENDIDX","M","2015-05",99.61217,
"CAN","CLI","AMPLITUD","LTRENDIDX","M","2015-06",99.51746,
"CAN","CLI","AMPLITUD","LTRENDIDX","M","2015-07",99.39426,
"CAN","CLI","AMPLITUD","LTRENDIDX","M","2015-08",99.24342,
"CAN","CLI","AMPLITUD","LTRENDIDX","M","2015-09",99.08517,
"CAN","CLI","AMPLITUD","LTRENDIDX","M","2015-10",98.93987,
"CAN","CLI","AMPLITUD","LTRENDIDX","M","2015-11",98.8162,
"CAN","CLI","AMPLITUD","LTRENDIDX","M","2015-12",98.7223,
"CAN","CLI","AMPLITUD","LTRENDIDX","M","2016-01",98.68143,
"CAN","CLI","AMPLITUD","LTRENDIDX","M","2016-02",98.71205,
"CAN","CLI","AMPLITUD","LTRENDIDX","M","2016-03",98.81763,
"CAN","CLI","AMPLITUD","LTRENDIDX","M","2016-04",98.97529,
"CAN","CLI","AMPLITUD","LTRENDIDX","M","2016-05",99.1626,
"CAN","CLI","AMPLITUD","LTRENDIDX","M","2016-06",99.3626,
"CAN","CLI","AMPLITUD","LTRENDIDX","M","2016-07",99.56287,
"CAN","CLI","AMPLITUD","LTRENDIDX","M","2016-08",99.75718,
"CAN","CLI","AMPLITUD","LTRENDIDX","M","2016-09",99.95717,
"CAN","CLI","AMPLITUD","LTRENDIDX","M","2016-10",100.168,
"CAN","CLI","AMPLITUD","LTRENDIDX","M","2016-11",100.3919,
"CAN","CLI","AMPLITUD","LTRENDIDX","M","2016-12",100.6035,
"CAN","CLI","AMPLITUD","LTRENDIDX","M","2017-01",100.7732,
"CAN","CLI","AMPLITUD","LTRENDIDX","M","2017-02",100.8913,
"CAN","CLI","AMPLITUD","LTRENDIDX","M","2017-03",100.9618,
"CAN","CLI","AMPLITUD","LTRENDIDX","M","2017-04",101.003,
"CAN","CLI","AMPLITUD","LTRENDIDX","M","2017-05",101.0287,
"CAN","CLI","AMPLITUD","LTRENDIDX","M","2017-06",101.046,
"CAN","CLI","AMPLITUD","LTRENDIDX","M","2017-07",101.0661,
"CAN","CLI","AMPLITUD","LTRENDIDX","M","2017-08",101.1008,
"CAN","CLI","AMPLITUD","LTRENDIDX","M","2017-09",101.137,
"CAN","CLI","AMPLITUD","LTRENDIDX","M","2017-10",101.1667,
"CAN","CLI","AMPLITUD","LTRENDIDX","M","2017-11",101.1729,
"CAN","CLI","AMPLITUD","LTRENDIDX","M","2017-12",101.1306,
"CAN","CLI","AMPLITUD","LTRENDIDX","M","2018-01",101.0265,
"CAN","CLI","AMPLITUD","LTRENDIDX","M","2018-02",100.8844,
"CAN","CLI","AMPLITUD","LTRENDIDX","M","2018-03",100.7332,
"CAN","CLI","AMPLITUD","LTRENDIDX","M","2018-04",100.5846,
"CAN","CLI","AMPLITUD","LTRENDIDX","M","2018-05",100.4481,
"CAN","CLI","AMPLITUD","LTRENDIDX","M","2018-06",100.2989,
"CAN","CLI","AMPLITUD","LTRENDIDX","M","2018-07",100.1113,
"CAN","CLI","AMPLITUD","LTRENDIDX","M","2018-08",99.87909,
"CAN","CLI","AMPLITUD","LTRENDIDX","M","2018-09",99.60215,
"CAN","CLI","AMPLITUD","LTRENDIDX","M","2018-10",99.30127,
"CAN","CLI","AMPLITUD","LTRENDIDX","M","2018-11",98.99938,
"CAN","CLI","AMPLITUD","LTRENDIDX","M","2018-12",98.7262,
"CAN","CLI","AMPLITUD","LTRENDIDX","M","2019-01",98.52211,
"CAN","CLI","AMPLITUD","LTRENDIDX","M","2019-02",98.37175,
"CAN","CLI","AMPLITUD","LTRENDIDX","M","2019-03",98.25703,
"CAN","CLI","AMPLITUD","LTRENDIDX","M","2019-04",98.14643,
"CAN","CLI","AMPLITUD","LTRENDIDX","M","2019-05",98.02816,
"CAN","CLI","AMPLITUD","LTRENDIDX","M","2019-06",97.8855,
"CAN","CLI","AMPLITUD","LTRENDIDX","M","2019-07",97.72358,
"CAN","CLI","AMPLITUD","LTRENDIDX","M","2019-08",97.56221,
"CAN","CLI","AMPLITUD","LTRENDIDX","M","2019-09",97.42731,
"CAN","CLI","AMPLITUD","LTRENDIDX","M","2019-10",97.33979,
"CAN","CLI","AMPLITUD","LTRENDIDX","M","2019-11",97.32176,
"CAN","CLI","AMPLITUD","LTRENDIDX","M","2019-12",97.38338,
"CAN","CLI","AMPLITUD","LTRENDIDX","M","2020-01",97.53925,
"CAN","CLI","AMPLITUD","LTRENDIDX","M","2020-02",97.77356,
"CAN","CLI","AMPLITUD","LTRENDIDX","M","2020-03",95.94521,
"CAN","CLI","AMPLITUD","LTRENDIDX","M","2020-04",94.99038,
"CAN","CLI","AMPLITUD","LTRENDIDX","M","2020-05",96.02865,
"CAN","CLI","AMPLITUD","LTRENDIDX","M","2020-06",97.15556,
"CAN","CLI","AMPLITUD","LTRENDIDX","M","2020-07",97.58656,
"CAN","CLI","AMPLITUD","LTRENDIDX","M","2020-08",98.07732,
"CAN","CLI","AMPLITUD","LTRENDIDX","M","2020-09",98.23698,
"CAN","CLI","AMPLITUD","LTRENDIDX","M","2020-10",98.40392,
"CAN","CLI","AMPLITUD","LTRENDIDX","M","2020-11",98.73361,
"CAN","CLI","AMPLITUD","LTRENDIDX","M","2020-12",99.19138,
"CAN","CLI","AMPLITUD","LTRENDIDX","M","2021-01",99.46848,
"CAN","CLI","AMPLITUD","LTRENDIDX","M","2021-02",99.77948,
"CAN","CLI","AMPLITUD","LTRENDIDX","M","2021-03",100.0782,
"CAN","CLI","AMPLITUD","LTRENDIDX","M","2021-04",100.3123,
"CAN","CLI","AMPLITUD","LTRENDIDX","M","2021-05",100.5329,
"CAN","CLI","AMPLITUD","LTRENDIDX","M","2021-06",100.7005,
"CAN","CLI","AMPLITUD","LTRENDIDX","M","2021-07",100.8202,
"CAN","CLI","AMPLITUD","LTRENDIDX","M","2021-08",100.8623,
"CAN","CLI","AMPLITUD","LTRENDIDX","M","2021-09",100.8557,
